id,action,symbol,type,buy_point,stop_loss,take_profit,risk,quantity,date,time,gap,bp_filled_price,bp_filled_at,cost,leverage_cost,high,low,highest,lowest,pl,pl_filled_price,pl_amount,price_change,stop_at,created_at
1,BUY,MPC,OKAR/B,43.3,43.08,43.52,50,227,03/01/2017,09:53:00,23.31207,NULL,2017-01-03T09:54:00.000Z,9829.1,2457.275,NULL,43.13,44.37,NULL,P,43.3,0,"{""3-bars"": -0.002, ""5-bars"": -0.001, ""7-bars"": -0.002}",2017-01-03T10:07:00.000Z,10:57.7
2,SELL,GPS,OKAR/S,19.41,19.76,19.06,50,143,05/01/2017,09:38:00,40.82641,NULL,NULL,2775.63,693.908,NULL,NULL,NULL,NULL,C,NULL,NULL,"{""3-bars"": -0.001, ""5-bars"": -0.011, ""7-bars"": -0.005}",2017-01-05T09:42:00.000Z,16:58.5
3,SELL,M,OKAR/S,24.15,24.27,24.03,50,417,05/01/2017,09:56:00,7.58409,NULL,NULL,10070.55,2517.638,NULL,NULL,NULL,NULL,C,NULL,NULL,"{""3-bars"": 0.001, ""5-bars"": 0.003, ""7-bars"": -0.0}",2017-01-05T10:00:00.000Z,16:58.5
4,BUY,IONS,HUMMER,49.67,48.84,50.5,50,60,06/01/2017,09:31:00,32.74648,NULL,2017-01-06T09:32:00.000Z,2980.2,745.05,NULL,48.05,50.05,NULL,L,49.67,0,"{""3-bars"": 0, ""5-bars"": 0, ""7-bars"": 0}",2017-01-06T09:34:00.000Z,19:57.4
5,BUY,AMGN,HUMMER,135.18,134.99,135.37,50,263,06/01/2017,09:59:00,23.91278,NULL,2017-01-06T10:00:00.000Z,35552.34,8888.085,NULL,134.89,135.23,NULL,L,135.18,0,"{""3-bars"": -0.002, ""5-bars"": -0.001, ""7-bars"": -0.002}",2017-01-06T10:00:00.000Z,19:57.4
6,BUY,EXEL,HUMMER,15.66,15.59,15.73,50,714,09/01/2017,09:51:00,60,NULL,2017-01-09T09:52:00.000Z,11181.24,2795.31,NULL,15.64,16.44,NULL,P,15.66,0,"{""3-bars"": -0.01, ""5-bars"": -0.014, ""7-bars"": -0.014}",2017-01-09T09:53:00.000Z,22:58.2
7,BUY,EXEL,HUMMER,15.94,15.85,16.03,50,556,09/01/2017,09:59:00,60,NULL,NULL,8862.64,2215.66,NULL,NULL,NULL,NULL,C,NULL,NULL,"{""3-bars"": -0.002, ""5-bars"": 0.009, ""7-bars"": 0.018}",2017-01-09T10:03:00.000Z,22:58.2
8,BUY,MRK,HUMMER,50.5,50.2,50.8,50,167,11/01/2017,09:30:00,8.19863,NULL,2017-01-11T09:32:00.000Z,8433.5,2108.375,NULL,50.15,51.08,NULL,L,50.5,0,"{""3-bars"": 0, ""5-bars"": 0, ""7-bars"": 0}",2017-01-11T09:31:00.000Z,28:57.9
9,BUY,AA,HUMMER,32.98,32.54,33.42,50,114,12/01/2017,09:34:00,20.39223,NULL,2017-01-12T09:35:00.000Z,3759.72,939.93,NULL,32.53,33.03,NULL,L,32.98,0,"{""3-bars"": -0.003, ""5-bars"": 0, ""7-bars"": 0}",2017-01-12T09:39:00.000Z,31:56.8
10,SELL,AMD,OKAR/S,10.12,10.2,10.04,50,625,17/01/2017,09:34:00,14.63415,NULL,2017-01-17T09:35:00.000Z,6325,1581.25,10.16,NULL,NULL,9.81,P,10.12,0,"{""3-bars"": -0.004, ""5-bars"": 0, ""7-bars"": 0}",2017-01-17T09:37:00.000Z,37:58.8
11,SELL,AMD,OKAR/S,10.03,10.1,9.96,50,714,17/01/2017,09:47:00,14.63415,NULL,2017-01-17T09:48:00.000Z,7161.42,1790.355,10.05,NULL,NULL,9.81,P,10.03,0,"{""3-bars"": 0.001, ""5-bars"": -0.007, ""7-bars"": -0.003}",2017-01-17T09:52:00.000Z,37:58.8
12,SELL,AMD,OKAR/S,9.95,10.02,9.88,50,714,17/01/2017,09:55:00,14.63415,NULL,NULL,7104.3,1776.075,NULL,NULL,NULL,NULL,C,NULL,NULL,"{""3-bars"": -0.001, ""5-bars"": 0.006, ""7-bars"": 0.006}",2017-01-17T09:59:00.000Z,37:58.9
13,SELL,CSX,SHOOTING-STAR,11.5,11.55,11.45,50,1000,18/01/2017,09:57:00,55.10671,NULL,NULL,11500,2875,NULL,NULL,NULL,NULL,C,NULL,NULL,"{""3-bars"": -0.002, ""5-bars"": -0.002, ""7-bars"": -0.003}",2017-01-18T10:01:00.000Z,40:59.1
14,SELL,MU,SHOOTING-STAR,21.57,21.76,21.38,50,263,19/01/2017,09:31:00,44.61638,NULL,NULL,5672.91,1418.228,NULL,NULL,NULL,NULL,C,NULL,NULL,"{""3-bars"": 0, ""5-bars"": 0, ""7-bars"": 0}",2017-01-19T09:35:00.000Z,43:58.5
15,BUY,TSLA,OKAR/B,49.49,49.19,49.79,50,167,19/01/2017,09:32:00,17.66029,NULL,2017-01-19T09:33:00.000Z,8264.83,2066.208,NULL,49.15,49.74,NULL,L,49.49,0,"{""3-bars"": 0, ""5-bars"": 0, ""7-bars"": 0}",2017-01-19T09:41:00.000Z,43:58.5
16,BUY,TSLA,HUMMER,49.31,49.17,49.45,50,357,19/01/2017,09:38:00,17.66029,NULL,2017-01-19T09:39:00.000Z,17603.67,4400.918,NULL,49.15,49.74,NULL,L,49.31,0,"{""3-bars"": -0.003, ""5-bars"": -0.005, ""7-bars"": 0.0}",2017-01-19T09:41:00.000Z,43:58.5
17,SELL,MU,OKAR/S,21.81,21.96,21.66,50,333,19/01/2017,09:41:00,76.91812,NULL,2017-01-19T09:42:00.000Z,7262.73,1815.683,21.97,NULL,NULL,21.74,L,21.81,0,"{""3-bars"": -0.0, ""5-bars"": 0.001, ""7-bars"": -0.001}",2017-01-19T09:43:00.000Z,43:58.5
18,SELL,QCOM,OKAR/S,46.99,47.54,46.44,50,91,23/01/2017,09:48:00,0,NULL,2017-01-23T09:49:00.000Z,4276.09,1069.023,47.37,NULL,NULL,45.52,P,46.99,0,"{""3-bars"": -0.001, ""5-bars"": 0.006, ""7-bars"": 0.005}",2017-01-23T09:55:00.000Z,49:55.8
19,BUY,ATI,HUMMER,19.36,19.06,19.66,50,167,24/01/2017,09:35:00,14.17004,NULL,2017-01-24T09:36:00.000Z,3233.12,808.28,NULL,19.27,21.23,NULL,P,19.36,0,"{""3-bars"": -0.004, ""5-bars"": -0.008, ""7-bars"": 0}",2017-01-24T09:39:00.000Z,52:55.7
20,BUY,FCX,HUMMER,15.62,15.54,15.7,50,625,24/01/2017,09:41:00,32.74737,NULL,2017-01-24T09:43:00.000Z,9762.5,2440.625,NULL,15.54,15.8,NULL,L,15.62,0,"{""3-bars"": -0.003, ""5-bars"": 0.001, ""7-bars"": 0.006}",2017-01-24T09:44:00.000Z,52:55.8
21,BUY,BABA,OKAR/B,101.4,101.05,101.75,50,143,24/01/2017,09:45:00,48.26087,NULL,2017-01-24T09:46:00.000Z,14500.2,3625.05,NULL,101.23,102.3,NULL,P,101.4,0,"{""3-bars"": -0.003, ""5-bars"": -0.004, ""7-bars"": -0.008}",2017-01-24T09:47:00.000Z,52:55.8
22,BUY,X,HUMMER,33.32,33.13,33.51,50,263,24/01/2017,09:48:00,27.50174,NULL,2017-01-24T09:49:00.000Z,8763.16,2190.79,NULL,33.13,33.48,NULL,L,33.32,0,"{""3-bars"": -0.002, ""5-bars"": -0.005, ""7-bars"": 0.0}",2017-01-24T09:52:00.000Z,52:55.8
23,BUY,X,OKAR/B,33.28,32.97,33.59,50,161,24/01/2017,09:54:00,27.50174,NULL,NULL,5358.08,1339.52,NULL,NULL,NULL,NULL,C,NULL,NULL,"{""3-bars"": -0.003, ""5-bars"": -0.004, ""7-bars"": -0.0}",2017-01-24T09:58:00.000Z,52:55.8
24,BUY,STX,OKAR/B,34.36,33.92,34.8,50,114,25/01/2017,09:37:00,5.78805,NULL,2017-01-25T09:38:00.000Z,3917.04,979.26,NULL,34.2,35.8,NULL,P,34.36,0,"{""3-bars"": 0.004, ""5-bars"": 0.018, ""7-bars"": 0.036}",2017-01-25T09:43:00.000Z,55:57.1
25,BUY,STX,HUMMER,35.38,35.06,35.7,50,156,25/01/2017,10:00:00,5.78805,NULL,2017-01-25T10:01:00.000Z,5519.28,1379.82,NULL,35.36,35.8,NULL,P,35.38,0,"{""3-bars"": 0.001, ""5-bars"": 0.005, ""7-bars"": 0.012}",2017-01-25T10:03:00.000Z,55:57.1
26,SELL,JNPR,OKAR/S,21.74,22.35,21.13,50,82,27/01/2017,09:33:00,25.57173,NULL,NULL,1782.68,445.67,NULL,NULL,NULL,NULL,C,NULL,NULL,"{""3-bars"": 0.004, ""5-bars"": 0, ""7-bars"": 0}",2017-01-27T09:37:00.000Z,01:55.7
27,SELL,JBLU,OKAR/S,20.02,20.11,19.93,50,556,27/01/2017,09:44:00,24.24242,NULL,2017-01-27T09:45:00.000Z,11131.12,2782.78,20.05,NULL,NULL,19.84,P,20.02,0,"{""3-bars"": 0.0, ""5-bars"": -0.005, ""7-bars"": -0.009}",2017-01-27T09:46:00.000Z,01:55.8
28,BUY,WYNN,OKAR/B,94.48,93.93,95.03,50,91,27/01/2017,09:50:00,7.71822,NULL,2017-01-27T09:51:00.000Z,8597.68,2149.42,NULL,94.02,96.26,NULL,P,94.48,0,"{""3-bars"": 0.0, ""5-bars"": 0.0, ""7-bars"": -0.013}",2017-01-27T10:01:00.000Z,01:55.8
29,SELL,SBUX,OKAR/S,49.83,49.98,49.68,50,333,27/01/2017,09:55:00,24.43302,NULL,2017-01-27T09:56:00.000Z,16593.39,4148.348,50.09,NULL,NULL,49.83,L,49.83,0,"{""3-bars"": 0.001, ""5-bars"": 0.002, ""7-bars"": 0.001}",2017-01-27T09:59:00.000Z,01:55.8
30,SELL,MA,OKAR/S,102.82,103.38,102.26,50,89,31/01/2017,09:32:00,23.42211,NULL,2017-01-31T09:33:00.000Z,9150.98,2287.745,103.49,NULL,NULL,102.54,L,102.82,0,"{""3-bars"": 0, ""5-bars"": 0, ""7-bars"": 0}",2017-01-31T09:33:00.000Z,07:55.2
31,SELL,MA,OKAR/S,103.34,103.98,102.7,50,78,31/01/2017,09:35:00,33.93311,NULL,2017-01-31T09:37:00.000Z,8060.52,2015.13,103.69,NULL,NULL,102.54,P,103.34,0,"{""3-bars"": -0.005, ""5-bars"": -0.003, ""7-bars"": 0}",2017-01-31T09:45:00.000Z,07:55.2
32,SELL,UAA,SHOOTING-STAR,21.27,21.43,21.11,50,312,31/01/2017,09:44:00,8.86076,NULL,NULL,6636.24,1659.06,NULL,NULL,NULL,NULL,C,NULL,NULL,"{""3-bars"": -0.001, ""5-bars"": -0.003, ""7-bars"": -0.003}",2017-01-31T09:48:00.000Z,07:55.2
33,BUY,X,HUMMER,31.93,31.65,32.21,50,179,01/02/2017,09:41:00,74.57597,NULL,2017-02-01T09:42:00.000Z,5715.47,1428.868,NULL,31.5,31.95,NULL,L,31.93,0,"{""3-bars"": -0.012, ""5-bars"": -0.02, ""7-bars"": -0.003}",2017-02-01T09:43:00.000Z,10:55.5
34,BUY,AMD,OKAR/B,11.27,11.16,11.38,50,455,01/02/2017,09:57:00,17.30769,NULL,2017-02-01T09:58:00.000Z,5127.85,1281.962,NULL,11.22,11.82,NULL,P,11.27,0,"{""3-bars"": 0.0, ""5-bars"": 0.003, ""7-bars"": -0.004}",2017-02-01T10:03:00.000Z,10:55.5
35,SELL,AMZN,OKAR/S,40.55,40.7,40.4,50,333,03/02/2017,09:48:00,35.87361,NULL,NULL,13503.15,3375.788,NULL,NULL,NULL,NULL,C,NULL,NULL,"{""3-bars"": 0.0, ""5-bars"": 0.0, ""7-bars"": 0.005}",2017-02-03T09:52:00.000Z,16:56.8
36,BUY,V,HUMMER,82.92,82.38,83.46,50,93,03/02/2017,09:59:00,18.31326,NULL,2017-02-03T10:00:00.000Z,7711.56,1927.89,NULL,NULL,NULL,NULL,C,83.14,20.43,"{""3-bars"": -0.006, ""5-bars"": -0.007, ""7-bars"": -0.007}",2017-02-03T11:00:00.000Z,16:56.8
37,BUY,AMD,OKAR/B,14.08,13.93,14.23,50,333,07/02/2017,09:43:00,34.09091,NULL,2017-02-07T09:44:00.000Z,4688.64,1172.16,NULL,13.88,14.11,NULL,L,14.08,0,"{""3-bars"": 0.0, ""5-bars"": -0.002, ""7-bars"": -0.003}",2017-02-07T09:48:00.000Z,22:55.4
38,BUY,AMD,HUMMER,13.87,13.74,14,50,385,07/02/2017,09:52:00,65.90909,NULL,2017-02-07T09:53:00.000Z,5339.95,1334.988,NULL,13.74,13.98,NULL,L,13.87,0,"{""3-bars"": -0.007, ""5-bars"": -0.01, ""7-bars"": -0.01}",2017-02-07T10:01:00.000Z,22:55.4
39,SELL,SABR,OKAR/S,20.04,20.24,19.84,50,250,07/02/2017,09:54:00,42.26077,NULL,NULL,5010,1252.5,NULL,NULL,NULL,NULL,C,NULL,NULL,"{""3-bars"": 0.0, ""5-bars"": 0.003, ""7-bars"": -0.017}",2017-02-07T09:58:00.000Z,22:55.4
40,BUY,CTSH,OKAR/B,52.14,51.94,52.34,50,250,08/02/2017,10:00:00,70.24459,NULL,2017-02-08T10:01:00.000Z,13035,3258.75,NULL,51.68,52.55,NULL,L,52.14,0,"{""3-bars"": -0.001, ""5-bars"": -0.003, ""7-bars"": 0.003}",2017-02-08T10:06:00.000Z,25:55.9
41,BUY,ATVI,OKAR/B,43.59,43.4,43.78,50,263,10/02/2017,09:36:00,1.3285,NULL,2017-02-10T09:37:00.000Z,11464.17,2866.043,NULL,43.52,44.83,NULL,P,43.59,0,"{""3-bars"": -0.008, ""5-bars"": -0.022, ""7-bars"": 0}",2017-02-10T09:38:00.000Z,31:56.2
42,SELL,CERN,OKAR/S,50.2,50.65,49.75,50,111,10/02/2017,09:36:00,51.05108,NULL,NULL,5572.2,1393.05,NULL,NULL,NULL,NULL,C,NULL,NULL,"{""3-bars"": 0.004, ""5-bars"": -0.003, ""7-bars"": 0}",2017-02-10T09:40:00.000Z,31:56.2
43,BUY,SKX,OKAR/B,27.85,27.62,28.08,50,217,10/02/2017,09:47:00,1.3245,NULL,2017-02-10T09:48:00.000Z,6043.45,1510.863,NULL,27.84,28.5,NULL,P,27.85,0,"{""3-bars"": 0.001, ""5-bars"": 0.009, ""7-bars"": 0.005}",2017-02-10T09:48:00.000Z,31:56.2
44,BUY,ATVI,HUMMER,43.88,43.61,44.15,50,185,10/02/2017,09:55:00,1.3285,NULL,NULL,8117.8,2029.45,NULL,NULL,NULL,NULL,C,NULL,NULL,"{""3-bars"": 0.0, ""5-bars"": -0.001, ""7-bars"": -0.005}",2017-02-10T09:59:00.000Z,31:56.2
45,BUY,M,HUMMER,25.51,25.27,25.75,50,208,13/02/2017,09:32:00,42.48604,NULL,NULL,5306.08,1326.52,NULL,NULL,NULL,NULL,C,NULL,NULL,"{""3-bars"": 0, ""5-bars"": 0, ""7-bars"": 0}",2017-02-13T09:36:00.000Z,34:57.2
46,BUY,ON,HUMMER,15.01,14.94,15.08,50,714,13/02/2017,09:54:00,19,NULL,NULL,10717.14,2679.285,NULL,NULL,NULL,NULL,C,NULL,NULL,"{""3-bars"": -0.003, ""5-bars"": -0.005, ""7-bars"": -0.019}",2017-02-13T09:58:00.000Z,34:57.2
47,BUY,ON,OKAR/B,14.93,14.57,15.29,50,139,13/02/2017,10:00:00,56,NULL,2017-02-13T10:02:00.000Z,2075.27,518.818,NULL,NULL,NULL,NULL,C,15.1,23.63,"{""3-bars"": -0.004, ""5-bars"": -0.005, ""7-bars"": -0.005}",2017-02-13T11:00:00.000Z,34:57.2
48,BUY,GRPN,OKAR/B,88.41,86.15,90.67,50,22,15/02/2017,09:35:00,15.25424,NULL,2017-02-15T09:36:00.000Z,1945.02,486.255,NULL,87.2,93,NULL,P,88.41,0,"{""3-bars"": 0.007, ""5-bars"": 0.011, ""7-bars"": 0}",2017-02-15T09:57:00.000Z,40:58.5
49,SELL,AIG,OKAR/S,53.1,53.45,52.75,50,143,15/02/2017,09:36:00,10.13685,NULL,2017-02-15T09:37:00.000Z,7593.3,1898.325,53.24,NULL,NULL,51.97,P,53.1,0,"{""3-bars"": -0.002, ""5-bars"": 0.011, ""7-bars"": 0}",2017-02-15T09:42:00.000Z,40:58.5
50,SELL,TTM,SHOOTING-STAR,33.21,33.34,33.08,50,385,15/02/2017,09:41:00,23.52941,NULL,2017-02-15T09:43:00.000Z,12785.85,3196.463,33.28,NULL,NULL,32.71,P,33.21,0,"{""3-bars"": 0.0, ""5-bars"": 0.007, ""7-bars"": 0.009}",2017-02-15T09:43:00.000Z,40:58.5
51,SELL,AIG,SHOOTING-STAR,52.9,53.12,52.68,50,227,15/02/2017,09:45:00,10.13685,NULL,2017-02-15T09:46:00.000Z,12008.3,3002.075,52.96,NULL,NULL,51.97,P,52.9,0,"{""3-bars"": -0.004, ""5-bars"": 0.003, ""7-bars"": 0.004}",2017-02-15T09:47:00.000Z,40:58.5
52,SELL,AIG,SHOOTING-STAR,52.64,52.75,52.53,50,455,15/02/2017,09:50:00,10.13685,NULL,2017-02-15T09:52:00.000Z,23951.2,5987.8,52.78,NULL,NULL,51.97,L,52.64,0,"{""3-bars"": -0.002, ""5-bars"": 0.005, ""7-bars"": 0.003}",2017-02-15T09:51:00.000Z,40:58.5
53,SELL,MGM,OKAR/S,25.63,25.85,25.41,50,227,16/02/2017,09:38:00,1.28249,NULL,2017-02-16T09:39:00.000Z,5818.01,1454.503,25.74,NULL,NULL,25.4,P,25.63,0,"{""3-bars"": -0.002, ""5-bars"": 0.007, ""7-bars"": 0.013}",2017-02-16T09:42:00.000Z,43:59.2
54,SELL,TRIP,OKAR/S,44.36,44.56,44.16,50,250,16/02/2017,09:50:00,36.75653,NULL,2017-02-16T09:51:00.000Z,11090,2772.5,44.53,NULL,NULL,42.94,P,44.36,0,"{""3-bars"": 0.002, ""5-bars"": -0.019, ""7-bars"": -0.024}",2017-02-16T09:55:00.000Z,43:59.2
55,BUY,KHC,OKAR/B,74.13,73.84,74.42,50,172,17/02/2017,09:47:00,3.17747,NULL,NULL,12750.36,3187.59,NULL,NULL,NULL,NULL,C,NULL,NULL,"{""3-bars"": -0.001, ""5-bars"": 0.008, ""7-bars"": 0.01}",2017-02-17T09:51:00.000Z,47:00.6
56,BUY,KHC,HUMMER,74.05,73.85,74.25,50,250,17/02/2017,09:50:00,3.17747,NULL,NULL,18512.5,4628.125,NULL,NULL,NULL,NULL,C,NULL,NULL,"{""3-bars"": -0.001, ""5-bars"": 0.001, ""7-bars"": 0.003}",2017-02-17T09:54:00.000Z,47:00.6
57,SELL,UL,OKAR/S,37.05,37.1,37,50,1000,21/02/2017,09:42:00,6.38757,NULL,2017-02-21T09:43:00.000Z,37050,9262.5,37.07,NULL,NULL,36.86,P,37.05,0,"{""3-bars"": -0.0, ""5-bars"": 0.0, ""7-bars"": 0.001}",2017-02-21T09:43:00.000Z,50:03.6
58,SELL,UL,SHOOTING-STAR,36.93,36.98,36.88,50,1000,21/02/2017,09:54:00,6.38757,NULL,NULL,36930,9232.5,NULL,NULL,NULL,NULL,C,NULL,NULL,"{""3-bars"": -0.002, ""5-bars"": -0.0, ""7-bars"": -0.0}",2017-02-21T09:58:00.000Z,50:03.6
59,SELL,BSX,SHOOTING-STAR,23.74,23.89,23.59,50,333,23/02/2017,09:53:00,30.81232,NULL,NULL,7905.42,1976.355,NULL,NULL,NULL,NULL,C,NULL,NULL,"{""3-bars"": -0.003, ""5-bars"": -0.006, ""7-bars"": -0.005}",2017-02-23T09:57:00.000Z,56:06.2
60,BUY,TCOM,OKAR/B,48.26,47.85,48.67,50,122,23/02/2017,09:55:00,86.72199,NULL,2017-02-23T09:56:00.000Z,5887.72,1471.93,NULL,48.2,49.5,NULL,P,48.26,0,"{""3-bars"": -0.001, ""5-bars"": -0.008, ""7-bars"": -0.011}",2017-02-23T10:03:00.000Z,56:06.2
61,SELL,NVDA,SHOOTING-STAR,24.48,24.66,24.3,50,278,24/02/2017,09:38:00,49.30502,NULL,2017-02-24T09:40:00.000Z,6805.44,1701.36,24.7,NULL,NULL,24.45,L,24.48,0,"{""3-bars"": -0.0, ""5-bars"": -0.006, ""7-bars"": -0.012}",2017-02-24T09:42:00.000Z,59:07.5
62,SELL,NVDA,OKAR/S,24.64,24.81,24.47,50,294,24/02/2017,09:47:00,66.75192,NULL,2017-02-24T09:48:00.000Z,7244.16,1811.04,24.82,NULL,NULL,24.5,L,24.64,0,"{""3-bars"": 0.001, ""5-bars"": 0.002, ""7-bars"": -0.007}",2017-02-24T09:52:00.000Z,59:07.5
63,SELL,HPE,SHOOTING-STAR,11.19,11.26,11.12,50,714,24/02/2017,09:52:00,28.43011,NULL,NULL,7989.66,1997.415,NULL,NULL,NULL,NULL,C,NULL,NULL,"{""3-bars"": -0.007, ""5-bars"": -0.011, ""7-bars"": -0.004}",2017-02-24T09:56:00.000Z,59:07.5
64,SELL,SRPT,OKAR/S,29.14,29.59,28.69,50,111,01/03/2017,09:40:00,53.04878,NULL,2017-03-01T09:41:00.000Z,3234.54,808.635,29.67,NULL,NULL,28.5,L,29.14,0,"{""3-bars"": 0.002, ""5-bars"": 0.007, ""7-bars"": 0.026}",2017-03-01T09:42:00.000Z,08:11.7
65,BUY,AMD,HUMMER,14.78,14.7,14.86,50,625,01/03/2017,09:45:00,65.625,NULL,2017-03-01T09:46:00.000Z,9237.5,2309.375,NULL,14.68,14.82,NULL,L,14.78,0,"{""3-bars"": -0.0, ""5-bars"": 0.005, ""7-bars"": 0.001}",2017-03-01T09:49:00.000Z,08:11.7
66,SELL,BBY,OKAR/S,36.07,36.64,35.5,50,88,01/03/2017,09:51:00,15.82824,NULL,NULL,3174.16,793.54,NULL,NULL,NULL,NULL,C,NULL,NULL,"{""3-bars"": 0.007, ""5-bars"": 0.004, ""7-bars"": 0.0}",2017-03-01T09:55:00.000Z,08:11.7
67,SELL,SRPT,SHOOTING-STAR,29.16,29.33,28.99,50,294,01/03/2017,09:52:00,53.04878,NULL,NULL,8573.04,2143.26,NULL,NULL,NULL,NULL,C,NULL,NULL,"{""3-bars"": -0.003, ""5-bars"": -0.011, ""7-bars"": 0.006}",2017-03-01T09:56:00.000Z,08:11.7
68,BUY,SRPT,OKAR/B,32.19,31.56,32.82,50,79,02/03/2017,09:32:00,21.11801,NULL,2017-03-02T09:33:00.000Z,2543.01,635.752,NULL,32.05,33.84,NULL,P,32.19,0,"{""3-bars"": 0, ""5-bars"": 0, ""7-bars"": 0}",2017-03-02T09:33:00.000Z,11:14.3
69,SELL,KR,SHOOTING-STAR,27.8,27.99,27.61,50,263,02/03/2017,09:38:00,34.24522,NULL,2017-03-02T09:40:00.000Z,7311.4,1827.85,28.11,NULL,NULL,27.61,L,27.8,0,"{""3-bars"": -0.006, ""5-bars"": -0.001, ""7-bars"": -0.007}",2017-03-02T09:52:00.000Z,11:14.3
70,BUY,AMD,OKAR/B,14.5,14.3,14.7,50,250,13/03/2017,09:36:00,29.82456,NULL,2017-03-13T09:39:00.000Z,3625,906.25,NULL,14.23,14.54,NULL,L,14.5,0,"{""3-bars"": -0.001, ""5-bars"": -0.009, ""7-bars"": 0}",2017-03-13T09:50:00.000Z,32:17.8
71,SELL,BHC,SHOOTING-STAR,10.82,10.93,10.71,50,455,14/03/2017,09:36:00,10.52632,NULL,2017-03-14T09:37:00.000Z,4923.1,1230.775,10.97,NULL,NULL,10.59,L,10.82,0,"{""3-bars"": -0.007, ""5-bars"": -0.029, ""7-bars"": 0}",2017-03-14T09:39:00.000Z,35:17.7
72,SELL,BHC,OKAR/S,10.89,11.04,10.74,50,333,14/03/2017,09:49:00,20.30075,NULL,NULL,3626.37,906.593,NULL,NULL,NULL,NULL,C,NULL,NULL,"{""3-bars"": 0.002, ""5-bars"": -0.001, ""7-bars"": 0.006}",2017-03-14T09:53:00.000Z,35:17.7
73,BUY,ADBE,HUMMER,129.18,128.83,129.53,50,143,17/03/2017,09:56:00,14.7541,NULL,NULL,18472.74,4618.185,NULL,NULL,NULL,NULL,C,NULL,NULL,"{""3-bars"": -0.002, ""5-bars"": -0.001, ""7-bars"": -0.003}",2017-03-17T10:00:00.000Z,44:18.1
74,BUY,ESPR,HUMMER,46.18,45.33,47.03,50,59,21/03/2017,09:40:00,19.61326,NULL,2017-03-21T09:41:00.000Z,2724.62,681.155,NULL,45.26,46.21,NULL,L,46.18,0,"{""3-bars"": -0.015, ""5-bars"": -0.024, ""7-bars"": -0.018}",2017-03-21T09:41:00.000Z,50:19.2
75,SELL,NKE,OKAR/S,51.95,52.17,51.73,50,227,22/03/2017,09:52:00,7.36317,NULL,NULL,11792.65,2948.163,NULL,NULL,NULL,NULL,C,NULL,NULL,"{""3-bars"": 0.002, ""5-bars"": -0.0, ""7-bars"": -0.0}",2017-03-22T09:56:00.000Z,53:22.0
76,BUY,SNAP,HUMMER,22.78,22.51,23.05,50,185,23/03/2017,09:30:00,14.77273,NULL,2017-03-23T09:32:00.000Z,4214.3,1053.575,NULL,22.65,23.05,NULL,P,22.78,0,"{""3-bars"": 0, ""5-bars"": 0, ""7-bars"": 0}",2017-03-23T09:36:00.000Z,56:23.1
77,BUY,HTGM,OKAR/B,97.06,90.3,103.82,50,7,24/03/2017,09:33:00,18.7251,NULL,2017-03-24T09:34:00.000Z,679.42,169.855,NULL,96.3,186.75,NULL,P,97.06,0,"{""3-bars"": 0.014, ""5-bars"": 0, ""7-bars"": 0}",2017-03-24T09:34:00.000Z,59:22.5
78,BUY,MU,HUMMER,28.91,28.74,29.08,50,294,24/03/2017,09:39:00,23.43789,NULL,2017-03-24T09:40:00.000Z,8499.54,2124.885,NULL,28.89,29.3,NULL,P,28.91,0,"{""3-bars"": -0.008, ""5-bars"": -0.013, ""7-bars"": -0.023}",2017-03-24T09:41:00.000Z,59:22.5
79,SELL,MS,OKAR/S,34.95,35.34,34.56,50,128,27/03/2017,09:34:00,2.22507,NULL,2017-03-27T09:36:00.000Z,4473.6,1118.4,35.37,NULL,NULL,34.83,L,34.95,0,"{""3-bars"": -0.006, ""5-bars"": 0, ""7-bars"": 0}",2017-03-27T10:11:00.000Z,02:25.1
80,SELL,MS,OKAR/S,34.88,35.12,34.64,50,208,27/03/2017,09:41:00,2.22507,NULL,NULL,7255.04,1813.76,NULL,NULL,NULL,NULL,C,NULL,NULL,"{""3-bars"": 0.001, ""5-bars"": 0.001, ""7-bars"": 0.003}",2017-03-27T09:45:00.000Z,02:25.1
81,SELL,HBAN,SHOOTING-STAR,10.18,10.23,10.13,50,1000,27/03/2017,09:47:00,36.58684,NULL,NULL,10180,2545,NULL,NULL,NULL,NULL,C,NULL,NULL,"{""3-bars"": -0.001, ""5-bars"": -0.003, ""7-bars"": -0.003}",2017-03-27T09:51:00.000Z,02:25.1
82,SELL,MS,SHOOTING-STAR,35.11,35.22,35,50,455,27/03/2017,09:59:00,3.89227,NULL,2017-03-27T10:01:00.000Z,15975.05,3993.763,35.3,NULL,NULL,35.05,L,35.11,0,"{""3-bars"": -0.001, ""5-bars"": -0.0, ""7-bars"": 0.004}",2017-03-27T10:05:00.000Z,02:25.1
83,SELL,LULU,OKAR/S,52.35,52.77,51.93,50,119,30/03/2017,09:35:00,6.81334,NULL,2017-03-30T09:36:00.000Z,6229.65,1557.413,52.55,NULL,NULL,51.31,P,52.35,0,"{""3-bars"": -0.004, ""5-bars"": -0.007, ""7-bars"": 0}",2017-03-30T09:40:00.000Z,11:28.6
84,BUY,COP,HUMMER,42.01,41.84,42.18,50,294,30/03/2017,09:46:00,20.41307,NULL,2017-03-30T09:47:00.000Z,12350.94,3087.735,NULL,41.95,42.91,NULL,P,42.01,0,"{""3-bars"": -0.0, ""5-bars"": -0.004, ""7-bars"": -0.003}",2017-03-30T09:50:00.000Z,11:28.6
85,SELL,LULU,SHOOTING-STAR,52.04,52.36,51.72,50,156,30/03/2017,09:58:00,6.81334,NULL,2017-03-30T09:59:00.000Z,8118.24,2029.56,52.16,NULL,NULL,51.57,P,52.04,0,"{""3-bars"": -0.003, ""5-bars"": -0.004, ""7-bars"": -0.008}",2017-03-30T10:01:00.000Z,11:28.6
86,SELL,NVCR,SHOOTING-STAR,10.64,10.84,10.44,50,250,04/04/2017,09:38:00,58.33333,NULL,NULL,2660,665,NULL,NULL,NULL,NULL,C,NULL,NULL,"{""3-bars"": 0.0, ""5-bars"": -0.009, ""7-bars"": -0.023}",2017-04-04T09:42:00.000Z,20:30.4
87,SELL,NVDA,SHOOTING-STAR,25.66,25.76,25.56,50,500,04/04/2017,09:38:00,8.63362,NULL,NULL,12830,3207.5,NULL,NULL,NULL,NULL,C,NULL,NULL,"{""3-bars"": -0.003, ""5-bars"": 0.003, ""7-bars"": 0.004}",2017-04-04T09:42:00.000Z,20:30.4
88,SELL,NVDA,OKAR/S,25.86,26.03,25.69,50,294,04/04/2017,09:44:00,20.48368,NULL,2017-04-04T09:47:00.000Z,7602.84,1900.71,25.95,NULL,NULL,25.2,P,25.86,0,"{""3-bars"": -0.001, ""5-bars"": -0.005, ""7-bars"": -0.007}",2017-04-04T10:08:00.000Z,20:30.4
89,SELL,FAST,SHOOTING-STAR,21.31,21.4,21.22,50,556,12/04/2017,09:49:00,7.26906,NULL,2017-04-12T09:50:00.000Z,11848.36,2962.09,21.34,NULL,NULL,20.98,P,21.31,0,"{""3-bars"": -0.001, ""5-bars"": -0.007, ""7-bars"": -0.009}",2017-04-12T09:51:00.000Z,38:34.3
90,BUY,BX,OKAR/B,23.66,23.52,23.8,50,357,20/04/2017,09:32:00,29.67964,NULL,NULL,8446.62,2111.655,NULL,NULL,NULL,NULL,C,NULL,NULL,"{""3-bars"": 0, ""5-bars"": 0, ""7-bars"": 0}",2017-04-20T09:36:00.000Z,53:34.0
91,SELL,EBAY,SHOOTING-STAR,31.22,31.36,31.08,50,357,20/04/2017,09:35:00,11.60806,NULL,2017-04-20T09:36:00.000Z,11145.54,2786.385,31.26,NULL,NULL,30.77,P,31.22,0,"{""3-bars"": -0.007, ""5-bars"": 0.004, ""7-bars"": 0}",2017-04-20T09:37:00.000Z,53:34.0
92,BUY,SLM,OKAR/B,11.87,11.67,12.07,50,250,20/04/2017,09:35:00,43.88641,NULL,2017-04-20T09:36:00.000Z,2967.5,741.875,NULL,11.76,12.14,NULL,P,11.87,0,"{""3-bars"": -0.002, ""5-bars"": -0.058, ""7-bars"": 0}",2017-04-20T10:22:00.000Z,53:34.0
93,SELL,EBAY,OKAR/S,31.03,31.2,30.86,50,294,20/04/2017,09:53:00,11.60806,NULL,NULL,9122.82,2280.705,NULL,NULL,NULL,NULL,C,NULL,NULL,"{""3-bars"": -0.001, ""5-bars"": -0.003, ""7-bars"": -0.003}",2017-04-20T09:57:00.000Z,53:34.1
94,SELL,IPG,OKAR/S,19.74,20.09,19.39,50,143,21/04/2017,09:33:00,54.2731,NULL,2017-04-21T09:36:00.000Z,2822.82,705.705,20.11,NULL,NULL,19.62,L,19.74,0,"{""3-bars"": -0.014, ""5-bars"": 0, ""7-bars"": 0}",2017-04-21T10:58:00.000Z,56:34.3
95,BUY,CAT,HUMMER,91.84,91.49,92.19,50,143,25/04/2017,09:48:00,13.35551,NULL,NULL,13133.12,3283.28,NULL,NULL,NULL,NULL,C,NULL,NULL,"{""3-bars"": -0.001, ""5-bars"": -0.0, ""7-bars"": 0.002}",2017-04-25T09:52:00.000Z,02:39.9
96,SELL,MOMO,OKAR/S,29.47,29.63,29.31,50,312,26/04/2017,09:36:00,15.17483,NULL,2017-04-26T09:37:00.000Z,9194.64,2298.66,29.83,NULL,NULL,29.06,L,29.47,0,"{""3-bars"": -0.001, ""5-bars"": -0.004, ""7-bars"": 0}",2017-04-26T09:40:00.000Z,05:43.2
97,SELL,X,OKAR/S,22.4,22.77,22.03,50,135,26/04/2017,09:37:00,2.78528,NULL,2017-04-26T09:38:00.000Z,3024,756,22.49,NULL,NULL,21.98,P,22.4,0,"{""3-bars"": 0.007, ""5-bars"": 0.011, ""7-bars"": 0.036}",2017-04-26T10:00:00.000Z,05:43.2
98,SELL,MOMO,OKAR/S,29.98,30.13,29.83,50,333,26/04/2017,09:51:00,46.90091,NULL,2017-04-26T09:52:00.000Z,9983.34,2495.835,29.99,NULL,NULL,29.06,P,29.98,0,"{""3-bars"": -0.001, ""5-bars"": 0.001, ""7-bars"": 0.007}",2017-04-26T09:54:00.000Z,05:43.2
99,BUY,TWTR,OKAR/B,16.47,16.38,16.56,50,556,26/04/2017,09:51:00,7.2,NULL,NULL,9157.32,2289.33,NULL,NULL,NULL,NULL,C,NULL,NULL,"{""3-bars"": 0.002, ""5-bars"": 0.009, ""7-bars"": 0.015}",2017-04-26T09:55:00.000Z,05:43.2
100,SELL,FTI,OKAR/S,21.36,21.56,21.16,50,250,27/04/2017,09:34:00,15.06743,NULL,2017-04-27T09:35:00.000Z,5340,1335,21.5,NULL,NULL,21.13,P,21.36,0,"{""3-bars"": -0.003, ""5-bars"": 0, ""7-bars"": 0}",2017-04-27T10:22:00.000Z,08:46.2
101,SELL,AAL,SHOOTING-STAR,41.62,41.76,41.48,50,357,27/04/2017,09:48:00,0.40063,NULL,2017-04-27T09:49:00.000Z,14858.34,3714.585,41.65,NULL,NULL,41.34,P,41.62,0,"{""3-bars"": -0.008, ""5-bars"": -0.009, ""7-bars"": -0.01}",2017-04-27T09:49:00.000Z,08:46.2
102,SELL,FTI,SHOOTING-STAR,21.34,21.38,21.3,50,1250,27/04/2017,09:53:00,15.06743,NULL,NULL,26675,6668.75,NULL,NULL,NULL,NULL,C,NULL,NULL,"{""3-bars"": -0.001, ""5-bars"": -0.003, ""7-bars"": -0.001}",2017-04-27T09:57:00.000Z,08:46.2
103,BUY,GOOGL,HUMMER,46.48,46.26,46.7,50,227,28/04/2017,09:30:00,7.14286,NULL,2017-04-28T09:31:00.000Z,10550.96,2637.74,NULL,46.25,46.8,NULL,L,46.48,0,"{""3-bars"": 0, ""5-bars"": 0, ""7-bars"": 0}",2017-04-28T09:31:00.000Z,11:47.0
104,BUY,AMZN,OKAR/B,47.21,47.08,47.34,50,385,28/04/2017,09:39:00,28.47571,NULL,2017-04-28T09:40:00.000Z,18175.85,4543.963,NULL,47.17,47.39,NULL,P,47.21,0,"{""3-bars"": 0.001, ""5-bars"": 0.001, ""7-bars"": -0.0}",2017-04-28T09:42:00.000Z,11:47.0
105,BUY,AMZN,OKAR/B,47.31,47.18,47.44,50,385,28/04/2017,09:45:00,28.47571,NULL,2017-04-28T09:46:00.000Z,18214.35,4553.588,NULL,47.13,47.39,NULL,L,47.31,0,"{""3-bars"": 0.001, ""5-bars"": 0.001, ""7-bars"": 0.004}",2017-04-28T09:51:00.000Z,11:47.0
106,BUY,TWTR,OKAR/B,17.35,17.27,17.43,50,625,01/05/2017,09:49:00,25.75758,NULL,NULL,10843.75,2710.938,NULL,NULL,NULL,NULL,C,NULL,NULL,"{""3-bars"": -0.0, ""5-bars"": 0.0, ""7-bars"": 0.001}",2017-05-01T09:53:00.000Z,14:45.0
107,SELL,AMD,SHOOTING-STAR,10.97,11.05,10.89,50,625,02/05/2017,09:59:00,1.5625,NULL,2017-05-02T10:00:00.000Z,6856.25,1714.063,11.07,NULL,NULL,10.95,L,10.97,0,"{""3-bars"": -0.007, ""5-bars"": -0.008, ""7-bars"": -0.004}",2017-05-02T10:02:00.000Z,17:46.8
108,SELL,TWLO,SHOOTING-STAR,24.97,25.94,24,50,52,03/05/2017,09:31:00,12.33906,NULL,2017-05-03T09:32:00.000Z,1298.44,324.61,NULL,NULL,NULL,NULL,C,24.96,0.52,"{""3-bars"": 0, ""5-bars"": 0, ""7-bars"": 0}",2017-05-03T11:00:00.000Z,20:49.5
109,BUY,MNDT,HUMMER,14.27,14.16,14.38,50,455,03/05/2017,09:55:00,11.17318,NULL,2017-05-03T09:56:00.000Z,6492.85,1623.212,NULL,14.19,14.44,NULL,P,14.27,0,"{""3-bars"": -0.012, ""5-bars"": -0.013, ""7-bars"": -0.016}",2017-05-03T09:57:00.000Z,20:49.5
110,BUY,LITE,HUMMER,48.76,48.41,49.11,50,143,04/05/2017,09:46:00,0,NULL,2017-05-04T09:47:00.000Z,6972.68,1743.17,NULL,47.95,50.65,NULL,L,48.76,0,"{""3-bars"": -0.014, ""5-bars"": -0.01, ""7-bars"": -0.006}",2017-05-04T09:48:00.000Z,23:52.4
111,BUY,JD,HUMMER,37.07,36.69,37.45,50,132,08/05/2017,09:30:00,9.04653,NULL,2017-05-08T09:31:00.000Z,4893.24,1223.31,NULL,36.99,38.13,NULL,P,37.07,0,"{""3-bars"": 0, ""5-bars"": 0, ""7-bars"": 0}",2017-05-08T09:31:00.000Z,29:56.2
112,BUY,MAR,HUMMER,97.94,97.64,98.24,50,167,09/05/2017,09:56:00,38.30192,NULL,2017-05-09T09:58:00.000Z,16355.98,4088.995,NULL,97.82,98.87,NULL,P,97.94,0,"{""3-bars"": -0.003, ""5-bars"": 0.0, ""7-bars"": 0.001}",2017-05-09T10:04:00.000Z,32:57.9
113,BUY,EA,HUMMER,105.5,104.01,106.99,50,34,10/05/2017,09:30:00,6.95029,NULL,NULL,3587,896.75,NULL,NULL,NULL,NULL,C,NULL,NULL,"{""3-bars"": 0, ""5-bars"": 0, ""7-bars"": 0}",2017-05-10T09:34:00.000Z,36:00.9
114,BUY,TRIP,HUMMER,44.7,43.35,46.05,50,37,10/05/2017,09:30:00,25.25084,NULL,2017-05-10T09:31:00.000Z,1653.9,413.475,NULL,42.99,45.31,NULL,L,44.7,0,"{""3-bars"": 0, ""5-bars"": 0, ""7-bars"": 0}",2017-05-10T09:47:00.000Z,36:00.9
115,BUY,MCHP,OKAR/B,37.98,37.36,38.6,50,81,10/05/2017,09:32:00,40.40799,NULL,2017-05-10T09:33:00.000Z,3076.38,769.095,NULL,37.18,38.17,NULL,L,37.98,0,"{""3-bars"": 0, ""5-bars"": 0, ""7-bars"": 0}",2017-05-10T09:46:00.000Z,36:00.9
116,BUY,NVDA,HUMMER,29.28,29.12,29.44,50,312,10/05/2017,09:47:00,2.47855,NULL,2017-05-10T09:49:00.000Z,9135.36,2283.84,NULL,29.07,29.46,NULL,L,29.28,0,"{""3-bars"": -0.002, ""5-bars"": -0.005, ""7-bars"": 0.0}",2017-05-10T09:53:00.000Z,36:00.9
117,BUY,TRIP,OKAR/B,43.68,42.89,44.47,50,63,10/05/2017,09:48:00,49.15755,NULL,2017-05-10T09:49:00.000Z,2751.84,687.96,NULL,42.84,43.86,NULL,L,43.68,0,"{""3-bars"": -0.0, ""5-bars"": -0.009, ""7-bars"": -0.003}",2017-05-10T10:16:00.000Z,36:00.9
118,SELL,YELP,SHOOTING-STAR,27.26,27.49,27.03,50,217,10/05/2017,09:48:00,8.23529,NULL,2017-05-10T09:50:00.000Z,5915.42,1478.855,27.69,NULL,NULL,27.1,L,27.26,0,"{""3-bars"": -0.008, ""5-bars"": -0.008, ""7-bars"": -0.004}",2017-05-10T09:54:00.000Z,36:00.9
119,SELL,M,OKAR/S,20.74,21.17,20.31,50,116,11/05/2017,09:32:00,18.18344,NULL,NULL,2405.84,601.46,NULL,NULL,NULL,NULL,C,NULL,NULL,"{""3-bars"": 0, ""5-bars"": 0, ""7-bars"": 0}",2017-05-11T09:36:00.000Z,39:02.7
120,SELL,NLOK,OKAR/S,17.02,17.11,16.93,50,556,11/05/2017,09:56:00,51.64197,NULL,2017-05-11T09:57:00.000Z,9463.12,2365.78,17.04,NULL,NULL,16.88,P,17.02,0,"{""3-bars"": -0.002, ""5-bars"": 0.005, ""7-bars"": 0.011}",2017-05-11T09:57:00.000Z,39:02.7
121,SELL,JWN,OKAR/S,36.93,37.1,36.76,50,294,12/05/2017,09:42:00,0.74766,NULL,2017-05-12T09:43:00.000Z,10857.42,2714.355,36.95,NULL,NULL,36.68,P,36.93,0,"{""3-bars"": -0.0, ""5-bars"": 0.005, ""7-bars"": 0.016}",2017-05-12T09:43:00.000Z,42:05.0
122,SELL,JWN,OKAR/S,37.09,37.43,36.75,50,147,12/05/2017,09:55:00,0.74766,NULL,NULL,5452.23,1363.058,NULL,NULL,NULL,NULL,C,NULL,NULL,"{""3-bars"": 0.004, ""5-bars"": 0.002, ""7-bars"": 0.003}",2017-05-12T09:59:00.000Z,42:05.0
123,SELL,TJX,SHOOTING-STAR,34.84,35.13,34.55,50,172,16/05/2017,09:40:00,33.33118,NULL,2017-05-16T09:41:00.000Z,5992.48,1498.12,35.15,NULL,NULL,34.28,L,34.84,0,"{""3-bars"": -0.003, ""5-bars"": -0.004, ""7-bars"": -0.005}",2017-05-16T09:48:00.000Z,48:08.7
124,BUY,TGT,OKAR/B,49.5,49.21,49.79,50,172,17/05/2017,09:38:00,37.75859,NULL,NULL,8514,2128.5,NULL,NULL,NULL,NULL,C,NULL,NULL,"{""3-bars"": 0.001, ""5-bars"": 0.007, ""7-bars"": 0.004}",2017-05-17T09:42:00.000Z,51:12.0
125,SELL,BZUN,SHOOTING-STAR,20.58,21.04,20.12,50,109,17/05/2017,09:50:00,44.51411,NULL,2017-05-17T09:51:00.000Z,2243.22,560.805,20.7,NULL,NULL,19.8,P,20.58,0,"{""3-bars"": -0.024, ""5-bars"": -0.044, ""7-bars"": -0.049}",2017-05-17T10:02:00.000Z,51:12.0
126,SELL,BABA,SHOOTING-STAR,117.61,118.09,117.13,50,104,18/05/2017,09:37:00,38.35616,NULL,2017-05-18T09:38:00.000Z,12231.44,3057.86,117.7,NULL,NULL,116,P,117.61,0,"{""3-bars"": -0.009, ""5-bars"": -0.017, ""7-bars"": -0.02}",2017-05-18T09:40:00.000Z,54:15.4
127,BUY,BBWI,HUMMER,40.23,40.07,40.39,50,313,18/05/2017,09:55:00,51.18487,NULL,2017-05-18T09:56:00.000Z,12591.99,3147.998,NULL,40.03,40.76,NULL,L,40.23,0,"{""3-bars"": 0.0, ""5-bars"": 0.001, ""7-bars"": -0.001}",2017-05-18T09:58:00.000Z,54:15.4
128,BUY,GLYC,HUMMER,11.78,11.13,12.43,50,77,19/05/2017,09:31:00,54.60123,NULL,2017-05-19T09:32:00.000Z,907.06,226.765,NULL,11.5,14.64,NULL,P,11.78,0,"{""3-bars"": 0, ""5-bars"": 0, ""7-bars"": 0}",2017-05-19T09:34:00.000Z,57:18.2
129,BUY,ADSK,OKAR/B,108.55,106.84,110.26,50,29,19/05/2017,09:34:00,9.28513,NULL,2017-05-19T09:35:00.000Z,3147.95,786.988,NULL,108.12,111.82,NULL,P,108.55,0,"{""3-bars"": 0.003, ""5-bars"": 0, ""7-bars"": 0}",2017-05-19T09:39:00.000Z,57:18.2
130,BUY,ADSK,OKAR/B,110.8,110.03,111.57,50,65,19/05/2017,09:58:00,9.28513,NULL,2017-05-19T09:59:00.000Z,7202,1800.5,NULL,110.16,111.82,NULL,P,110.8,0,"{""3-bars"": 0.001, ""5-bars"": 0.005, ""7-bars"": 0.0}",2017-05-19T10:22:00.000Z,57:18.2
131,BUY,MOMO,HUMMER,35.97,35.49,36.45,50,104,22/05/2017,09:34:00,76.65047,NULL,2017-05-22T09:35:00.000Z,3740.88,935.22,NULL,35.31,36.14,NULL,L,35.97,0,"{""3-bars"": -0.004, ""5-bars"": 0, ""7-bars"": 0}",2017-05-22T09:43:00.000Z,00:20.4
132,BUY,MOMO,HUMMER,34.66,34.12,35.2,50,93,23/05/2017,09:34:00,130.22423,NULL,NULL,3223.38,805.845,NULL,NULL,NULL,NULL,C,NULL,NULL,"{""3-bars"": -0.023, ""5-bars"": 0, ""7-bars"": 0}",2017-05-23T09:38:00.000Z,03:22.3
133,SELL,LOW,OKAR/S,72.4,72.88,71.92,50,104,24/05/2017,09:33:00,22.74367,NULL,2017-05-24T09:34:00.000Z,7529.6,1882.4,72.64,NULL,NULL,71.41,P,72.4,0,"{""3-bars"": -0.003, ""5-bars"": 0, ""7-bars"": 0}",2017-05-24T09:40:00.000Z,06:23.1
134,SELL,LOW,OKAR/S,71.79,72.19,71.39,50,125,24/05/2017,09:56:00,22.74367,NULL,2017-05-24T09:57:00.000Z,8973.75,2243.438,NULL,NULL,NULL,NULL,C,71.85,-7.49,"{""3-bars"": 0.002, ""5-bars"": 0.007, ""7-bars"": 0.006}",2017-05-24T11:00:00.000Z,06:23.1
135,BUY,BBY,HUMMER,49.14,48.64,49.64,50,100,25/05/2017,09:35:00,15.63805,NULL,2017-05-25T09:36:00.000Z,4914,1228.5,NULL,48.98,51.67,NULL,P,49.14,0,"{""3-bars"": -0.018, ""5-bars"": -0.006, ""7-bars"": 0}",2017-05-25T09:38:00.000Z,09:23.2
136,BUY,ADI,OKAR/B,79.89,79.59,80.19,50,167,31/05/2017,09:53:00,17.66122,NULL,NULL,13341.63,3335.408,NULL,NULL,NULL,NULL,C,NULL,NULL,"{""3-bars"": 0.002, ""5-bars"": -0.005, ""7-bars"": -0.007}",2017-05-31T09:57:00.000Z,18:24.7
137,BUY,PANW,OKAR/B,139.13,138.19,140.07,50,53,01/06/2017,09:58:00,0.8947,NULL,2017-06-01T10:00:00.000Z,7373.89,1843.472,NULL,138.11,139.5,NULL,L,139.13,0,"{""3-bars"": 0.002, ""5-bars"": 0.0, ""7-bars"": 0.004}",2017-06-01T10:14:00.000Z,21:26.3
138,BUY,AVGO,OKAR/B,204.73,201.88,207.58,50,18,02/06/2017,09:45:00,33.28669,NULL,2017-06-02T09:46:00.000Z,3685.14,921.285,NULL,203.98,208.91,NULL,P,204.73,0,"{""3-bars"": 0.005, ""5-bars"": -0.0, ""7-bars"": -0.0}",2017-06-02T10:14:00.000Z,24:28.9
139,SELL,BOX,SHOOTING-STAR,19.34,19.43,19.25,50,556,05/06/2017,09:32:00,27.73925,NULL,2017-06-05T09:33:00.000Z,10753.04,2688.26,19.35,NULL,NULL,19.01,P,19.34,0,"{""3-bars"": 0, ""5-bars"": 0, ""7-bars"": 0}",2017-06-05T09:33:00.000Z,27:30.4
140,SELL,BOX,SHOOTING-STAR,19.09,19.16,19.02,50,714,05/06/2017,09:58:00,27.73925,NULL,2017-06-05T10:00:00.000Z,13630.26,3407.565,19.23,NULL,NULL,19.05,L,19.09,0,"{""3-bars"": -0.004, ""5-bars"": 0.002, ""7-bars"": 0.007}",2017-06-05T10:02:00.000Z,27:30.4
141,BUY,X,HUMMER,19.93,19.82,20.04,50,455,07/06/2017,09:43:00,57.14286,NULL,2017-06-07T09:44:00.000Z,9068.15,2267.038,NULL,19.86,20.3,NULL,P,19.93,0,"{""3-bars"": -0.006, ""5-bars"": -0.003, ""7-bars"": -0.009}",2017-06-07T09:52:00.000Z,33:32.2
142,BUY,AMD,HUMMER,12.73,12.52,12.94,50,238,08/06/2017,09:32:00,60.97561,NULL,NULL,3029.74,757.435,NULL,NULL,NULL,NULL,C,NULL,NULL,"{""3-bars"": 0, ""5-bars"": 0, ""7-bars"": 0}",2017-06-08T09:36:00.000Z,36:34.7
143,BUY,AMD,HUMMER,12.5,12.4,12.6,50,500,08/06/2017,09:39:00,95.12195,NULL,2017-06-08T09:40:00.000Z,6250,1562.5,NULL,12.46,12.67,NULL,P,12.5,0,"{""3-bars"": -0.005, ""5-bars"": -0.013, ""7-bars"": -0.016}",2017-06-08T09:42:00.000Z,36:34.7
144,BUY,JD,OKAR/B,41.78,41.37,42.19,50,122,08/06/2017,09:39:00,44.84392,NULL,2017-06-08T09:40:00.000Z,5097.16,1274.29,NULL,41.36,42.09,NULL,L,41.78,0,"{""3-bars"": -0.001, ""5-bars"": -0.019, ""7-bars"": -0.013}",2017-06-08T10:12:00.000Z,36:34.7
145,BUY,JD,OKAR/B,41.85,41.71,41.99,50,357,08/06/2017,09:49:00,44.84392,NULL,2017-06-08T09:50:00.000Z,14940.45,3735.113,NULL,41.82,42.09,NULL,P,41.85,0,"{""3-bars"": -0.001, ""5-bars"": 0.002, ""7-bars"": 0.006}",2017-06-08T09:53:00.000Z,36:34.7
146,BUY,AMD,OKAR/B,12.63,12.56,12.7,50,714,08/06/2017,10:00:00,95.12195,NULL,NULL,9017.82,2254.455,NULL,NULL,NULL,NULL,C,NULL,NULL,"{""3-bars"": 0.002, ""5-bars"": 0.004, ""7-bars"": 0.006}",2017-06-08T10:04:00.000Z,36:34.7
147,SELL,ENDP,OKAR/S,12.04,12.18,11.9,50,357,09/06/2017,09:34:00,1.41026,NULL,NULL,4298.28,1074.57,NULL,NULL,NULL,NULL,C,NULL,NULL,"{""3-bars"": 0.005, ""5-bars"": 0, ""7-bars"": 0}",2017-06-09T09:38:00.000Z,39:36.8
148,BUY,NVDA,HUMMER,41.75,41.44,42.06,50,161,09/06/2017,09:38:00,12.2398,NULL,NULL,6721.75,1680.438,NULL,NULL,NULL,NULL,C,NULL,NULL,"{""3-bars"": -0.003, ""5-bars"": 0.0, ""7-bars"": 0.008}",2017-06-09T09:42:00.000Z,39:36.8
149,BUY,GE,HUMMER,133.49,132.56,134.42,50,54,12/06/2017,09:57:00,38.75877,NULL,2017-06-12T09:58:00.000Z,7208.46,1802.115,NULL,NULL,NULL,NULL,C,133.67,9.49,"{""3-bars"": -0.004, ""5-bars"": -0.004, ""7-bars"": -0.004}",2017-06-12T11:00:00.000Z,42:41.8
150,SELL,WMT,SHOOTING-STAR,67.82,68.11,67.53,50,172,16/06/2017,09:46:00,24.34146,NULL,2017-06-16T09:47:00.000Z,11665.04,2916.26,68,NULL,NULL,66.48,P,67.82,0,"{""3-bars"": -0.001, ""5-bars"": -0.003, ""7-bars"": -0.01}",2017-06-16T09:50:00.000Z,54:49.0
151,SELL,DLTR,OKAR/S,69.3,69.91,68.69,50,82,16/06/2017,09:53:00,28.43137,NULL,NULL,5682.6,1420.65,NULL,NULL,NULL,NULL,C,NULL,NULL,"{""3-bars"": 0.003, ""5-bars"": 0.006, ""7-bars"": 0.007}",2017-06-16T09:57:00.000Z,54:49.0
152,BUY,BHC,HUMMER,13.1,12.96,13.24,50,357,19/06/2017,09:30:00,17.5,NULL,2017-06-19T09:31:00.000Z,4676.7,1169.175,NULL,13.03,13.55,NULL,P,13.1,0,"{""3-bars"": 0, ""5-bars"": 0, ""7-bars"": 0}",2017-06-19T09:34:00.000Z,57:52.1
153,BUY,KR,HUMMER,20.42,20.29,20.55,50,385,19/06/2017,09:32:00,65.72198,NULL,2017-06-19T09:33:00.000Z,7861.7,1965.425,NULL,20.25,20.43,NULL,L,20.42,0,"{""3-bars"": 0, ""5-bars"": 0, ""7-bars"": 0}",2017-06-19T09:33:00.000Z,57:52.1
154,BUY,KR,OKAR/B,20.11,20.06,20.16,50,1000,19/06/2017,09:50:00,110.00633,NULL,2017-06-19T09:51:00.000Z,20110,5027.5,NULL,20.09,20.26,NULL,P,20.11,0,"{""3-bars"": -0.0, ""5-bars"": -0.01, ""7-bars"": -0.01}",2017-06-19T09:51:00.000Z,57:52.1
155,BUY,JD,OKAR/B,38.92,38.65,39.19,50,185,19/06/2017,09:53:00,8.17043,NULL,NULL,7200.2,1800.05,NULL,NULL,NULL,NULL,C,NULL,NULL,"{""3-bars"": 0.004, ""5-bars"": 0.008, ""7-bars"": 0.007}",2017-06-19T09:57:00.000Z,57:52.1
156,BUY,BHC,OKAR/B,13.19,13.1,13.28,50,556,19/06/2017,09:57:00,17.5,NULL,2017-06-19T10:00:00.000Z,7333.64,1833.41,NULL,13.13,13.55,NULL,P,13.19,0,"{""3-bars"": 0.002, ""5-bars"": 0.0, ""7-bars"": -0.003}",2017-06-19T10:01:00.000Z,57:52.1
157,BUY,JD,OKAR/B,38.9,38.74,39.06,50,313,19/06/2017,09:57:00,8.17043,NULL,2017-06-19T09:58:00.000Z,12175.7,3043.925,NULL,38.88,39.33,NULL,P,38.9,0,"{""3-bars"": 0.001, ""5-bars"": 0.005, ""7-bars"": 0.003}",2017-06-19T09:59:00.000Z,57:52.1
158,SELL,MOMO,SHOOTING-STAR,30.45,30.69,30.21,50,208,22/06/2017,09:35:00,40.33333,NULL,2017-06-22T09:36:00.000Z,6333.6,1583.4,30.49,NULL,NULL,29.78,P,30.45,0,"{""3-bars"": -0.006, ""5-bars"": -0.008, ""7-bars"": 0}",2017-06-22T09:37:00.000Z,06:56.1
159,SELL,MOMO,OKAR/S,30.44,30.66,30.22,50,227,22/06/2017,10:00:00,40.33333,NULL,2017-06-22T10:01:00.000Z,6909.88,1727.47,30.53,NULL,NULL,30.13,P,30.44,0,"{""3-bars"": -0.004, ""5-bars"": -0.005, ""7-bars"": -0.005}",2017-06-22T10:06:00.000Z,06:56.1
160,SELL,BBBY,OKAR/S,26.7,26.84,26.56,50,357,23/06/2017,09:49:00,10.24863,NULL,2017-06-23T09:51:00.000Z,9531.9,2382.975,27.01,NULL,NULL,26.24,L,26.7,0,"{""3-bars"": -0.002, ""5-bars"": -0.009, ""7-bars"": -0.013}",2017-06-23T09:58:00.000Z,09:56.5
161,SELL,AVEO,OKAR/S,17.59,18.1,17.08,50,98,27/06/2017,09:38:00,27.27273,NULL,2017-06-27T09:39:00.000Z,1723.82,430.955,18.9,NULL,NULL,17.5,L,17.59,0,"{""3-bars"": -0.006, ""5-bars"": -0.026, ""7-bars"": 0.011}",2017-06-27T09:45:00.000Z,16:01.5
162,SELL,RAD,SHOOTING-STAR,61.19,62.7,59.68,50,33,29/06/2017,09:30:00,4.7619,NULL,2017-06-29T09:31:00.000Z,2019.27,504.818,61.4,NULL,NULL,57.6,P,61.19,0,"{""3-bars"": 0, ""5-bars"": 0, ""7-bars"": 0}",2017-06-29T09:33:00.000Z,22:08.6
163,BUY,WBA,HUMMER,67.73,67.26,68.2,50,106,29/06/2017,09:31:00,9.97276,NULL,NULL,7179.38,1794.845,NULL,NULL,NULL,NULL,C,NULL,NULL,"{""3-bars"": 0, ""5-bars"": 0, ""7-bars"": 0}",2017-06-29T09:35:00.000Z,22:08.6
164,BUY,NKE,HUMMER,55.01,54.84,55.18,50,294,30/06/2017,09:50:00,2.91548,NULL,2017-06-30T09:51:00.000Z,16172.94,4043.235,NULL,54.99,55.33,NULL,P,55.01,0,"{""3-bars"": -0.002, ""5-bars"": 0.004, ""7-bars"": 0.004}",2017-06-30T09:52:00.000Z,25:10.9
165,BUY,NKE,HUMMER,55.18,54.98,55.38,50,250,30/06/2017,09:56:00,2.91548,NULL,NULL,13795,3448.75,NULL,NULL,NULL,NULL,C,NULL,NULL,"{""3-bars"": -0.001, ""5-bars"": 0.002, ""7-bars"": 0.003}",2017-06-30T10:00:00.000Z,25:10.9
166,BUY,CARA,OKAR/B,13.86,13.55,14.17,50,161,12/07/2017,09:37:00,49.71751,NULL,2017-07-12T09:38:00.000Z,2231.46,557.865,NULL,13.6,14.31,NULL,P,13.86,0,"{""3-bars"": 0.007, ""5-bars"": 0.011, ""7-bars"": -0.018}",2017-07-12T10:01:00.000Z,46:11.3
167,BUY,FAST,OKAR/B,20.21,20.13,20.29,50,625,12/07/2017,09:46:00,58.01259,NULL,2017-07-12T09:47:00.000Z,12631.25,3157.813,NULL,20.1,20.22,NULL,L,20.21,0,"{""3-bars"": -0.002, ""5-bars"": -0.007, ""7-bars"": 0.003}",2017-07-12T09:47:00.000Z,46:11.3
168,SELL,FOLD,SHOOTING-STAR,12.51,12.71,12.31,50,250,13/07/2017,09:31:00,36.70886,NULL,2017-07-13T09:32:00.000Z,3127.5,781.875,12.53,NULL,NULL,12.11,P,12.51,0,"{""3-bars"": 0, ""5-bars"": 0, ""7-bars"": 0}",2017-07-13T09:35:00.000Z,49:13.4
169,BUY,SNAP,OKAR/B,15.9,15.81,15.99,50,556,13/07/2017,09:54:00,41.50943,NULL,2017-07-13T09:55:00.000Z,8840.4,2210.1,NULL,15.79,15.97,NULL,L,15.9,0,"{""3-bars"": 0.003, ""5-bars"": 0.006, ""7-bars"": 0.01}",2017-07-13T10:00:00.000Z,49:13.4
170,BUY,RAD,HUMMER,49.61,48.85,50.37,50,66,18/07/2017,09:30:00,11.76471,NULL,2017-07-18T09:31:00.000Z,3274.26,818.565,NULL,48.8,50,NULL,L,49.61,0,"{""3-bars"": 0, ""5-bars"": 0, ""7-bars"": 0}",2017-07-18T09:33:00.000Z,58:16.8
171,BUY,MS,HUMMER,40.54,40.44,40.64,50,500,19/07/2017,09:34:00,25.41738,NULL,2017-07-19T09:35:00.000Z,20270,5067.5,NULL,40.51,40.73,NULL,P,40.54,0,"{""3-bars"": -0.003, ""5-bars"": 0, ""7-bars"": 0}",2017-07-19T09:35:00.000Z,01:19.0
172,SELL,CSX,OKAR/S,16.32,16.41,16.23,50,556,19/07/2017,09:50:00,5.28814,NULL,2017-07-19T09:51:00.000Z,9073.92,2268.48,16.38,NULL,NULL,16.09,P,16.32,0,"{""3-bars"": 0.001, ""5-bars"": -0.0, ""7-bars"": -0.001}",2017-07-19T09:57:00.000Z,01:19.0
173,SELL,STLD,OKAR/S,32.89,33.1,32.68,50,238,20/07/2017,09:37:00,92.92212,NULL,2017-07-20T09:38:00.000Z,7827.82,1956.955,32.98,NULL,NULL,32.02,P,32.89,0,"{""3-bars"": -0.001, ""5-bars"": 0.006, ""7-bars"": -0.013}",2017-07-20T09:39:00.000Z,04:20.8
174,BUY,KMI,HUMMER,15.68,15.58,15.78,50,500,20/07/2017,09:42:00,5.09761,NULL,2017-07-20T09:43:00.000Z,7840,1960,NULL,15.65,16,NULL,P,15.68,0,"{""3-bars"": -0.001, ""5-bars"": 0.0, ""7-bars"": 0.004}",2017-07-20T09:45:00.000Z,04:20.8
175,BUY,COF,HUMMER,78.34,77.58,79.1,50,66,21/07/2017,09:32:00,18.85135,NULL,2017-07-21T09:33:00.000Z,5170.44,1292.61,NULL,78.18,80.39,NULL,P,78.34,0,"{""3-bars"": 0, ""5-bars"": 0, ""7-bars"": 0}",2017-07-21T09:35:00.000Z,07:22.6
176,BUY,EXAS,HUMMER,39.9,39.29,40.51,50,82,26/07/2017,09:34:00,24.08759,NULL,2017-07-26T09:35:00.000Z,3271.8,817.95,NULL,39.59,42.18,NULL,P,39.9,0,"{""3-bars"": -0.006, ""5-bars"": 0, ""7-bars"": 0}",2017-07-26T09:36:00.000Z,16:31.3
177,BUY,EXAS,HUMMER,40.41,39.9,40.92,50,98,26/07/2017,09:39:00,24.08759,NULL,2017-07-26T09:40:00.000Z,3960.18,990.045,NULL,40.2,42.18,NULL,P,40.41,0,"{""3-bars"": 0.0, ""5-bars"": 0.015, ""7-bars"": 0.009}",2017-07-26T09:55:00.000Z,16:31.3
178,SELL,WYNN,OKAR/S,121.09,121.72,120.46,50,79,26/07/2017,09:59:00,12.70158,NULL,2017-07-26T10:02:00.000Z,9566.11,2391.528,121.81,NULL,NULL,120.87,L,121.09,0,"{""3-bars"": 0.002, ""5-bars"": 0.001, ""7-bars"": -0.004}",2017-07-26T10:09:00.000Z,16:31.3
179,SELL,BMY,SHOOTING-STAR,46.04,46.42,45.66,50,132,27/07/2017,09:31:00,21.50882,NULL,2017-07-27T09:33:00.000Z,6077.28,1519.32,46.3,NULL,NULL,44.77,P,46.04,0,"{""3-bars"": 0, ""5-bars"": 0, ""7-bars"": 0}",2017-07-27T09:35:00.000Z,19:35.0
180,BUY,PYPL,OKAR/B,60.28,60.05,60.51,50,217,27/07/2017,09:37:00,40.34335,NULL,2017-07-27T09:38:00.000Z,13080.76,3270.19,NULL,60.03,60.46,NULL,L,60.28,0,"{""3-bars"": -0.001, ""5-bars"": -0.001, ""7-bars"": -0.012}",2017-07-27T09:39:00.000Z,19:35.0
181,SELL,SBUX,OKAR/S,49.2,49.69,48.71,50,102,28/07/2017,09:51:00,16.7503,NULL,NULL,5018.4,1254.6,NULL,NULL,NULL,NULL,C,NULL,NULL,"{""3-bars"": 0.006, ""5-bars"": 0.007, ""7-bars"": 0.007}",2017-07-28T09:55:00.000Z,22:38.6
182,SELL,UAA,OKAR/S,18.57,18.77,18.37,50,250,01/08/2017,09:50:00,18.08511,NULL,2017-08-01T09:51:00.000Z,4642.5,1160.625,18.64,NULL,NULL,18.34,P,18.57,0,"{""3-bars"": -0.002, ""5-bars"": -0.017, ""7-bars"": -0.015}",2017-08-01T09:57:00.000Z,28:43.8
183,BUY,RDFN,HUMMER,25.98,25.76,26.2,50,227,01/08/2017,09:51:00,32.55507,NULL,2017-08-01T09:53:00.000Z,5897.46,1474.365,NULL,25.75,26.27,NULL,L,25.98,0,"{""3-bars"": -0.005, ""5-bars"": -0.017, ""7-bars"": -0.015}",2017-08-01T09:57:00.000Z,28:43.8
184,BUY,MNDT,HUMMER,15.76,15.57,15.95,50,263,02/08/2017,09:30:00,11.53846,NULL,2017-08-02T09:31:00.000Z,4144.88,1036.22,NULL,15.73,15.96,NULL,P,15.76,0,"{""3-bars"": 0, ""5-bars"": 0, ""7-bars"": 0}",2017-08-02T09:31:00.000Z,31:47.3
185,BUY,DVAX,HUMMER,15.71,15.51,15.91,50,250,02/08/2017,09:42:00,75,NULL,NULL,3927.5,981.875,NULL,NULL,NULL,NULL,C,NULL,NULL,"{""3-bars"": -0.006, ""5-bars"": 0.0, ""7-bars"": 0.009}",2017-08-02T09:46:00.000Z,31:47.3
186,BUY,RDFN,HUMMER,28.14,27.59,28.69,50,91,02/08/2017,09:46:00,38.07107,NULL,2017-08-02T09:47:00.000Z,2560.74,640.185,NULL,27.9,29.78,NULL,P,28.14,0,"{""3-bars"": -0.002, ""5-bars"": -0.014, ""7-bars"": -0.018}",2017-08-02T09:56:00.000Z,31:47.3
187,BUY,AAPL,HUMMER,37.51,37.42,37.6,50,556,02/08/2017,09:52:00,11.66375,NULL,2017-08-02T09:54:00.000Z,20855.56,5213.89,NULL,37.4,37.53,NULL,L,37.51,0,"{""3-bars"": -0.002, ""5-bars"": -0.002, ""7-bars"": -0.002}",2017-08-02T09:56:00.000Z,31:47.3
188,SELL,HOLX,SHOOTING-STAR,40.09,40.83,39.35,50,68,03/08/2017,09:30:00,13.58382,NULL,2017-08-03T09:31:00.000Z,2726.12,681.53,NULL,NULL,NULL,NULL,C,39.68,27.88,"{""3-bars"": 0, ""5-bars"": 0, ""7-bars"": 0}",2017-08-03T11:00:00.000Z,34:50.2
189,SELL,SQ,OKAR/S,25.13,25.6,24.66,50,106,03/08/2017,09:35:00,15.84158,NULL,NULL,2663.78,665.945,NULL,NULL,NULL,NULL,C,NULL,NULL,"{""3-bars"": 0.002, ""5-bars"": -0.007, ""7-bars"": 0}",2017-08-03T09:39:00.000Z,34:50.2
190,BUY,YELP,OKAR/B,40.01,39.11,40.91,50,56,04/08/2017,09:40:00,3.28358,NULL,2017-08-04T09:43:00.000Z,2240.56,560.14,NULL,NULL,NULL,NULL,C,39.73,-15.79,"{""3-bars"": 0.014, ""5-bars"": 0.02, ""7-bars"": 0.052}",2017-08-04T11:00:00.000Z,37:52.6
191,BUY,AMC,OKAR/B,12.52,12.36,12.68,50,312,04/08/2017,09:47:00,27.27899,NULL,2017-08-04T09:48:00.000Z,3906.24,976.56,NULL,12.39,12.91,NULL,P,12.52,0,"{""3-bars"": -0.006, ""5-bars"": -0.006, ""7-bars"": -0.009}",2017-08-04T10:10:00.000Z,37:52.6
192,SELL,AAOI,SHOOTING-STAR,72.49,73.45,71.53,50,52,04/08/2017,09:51:00,0,NULL,2017-08-04T09:52:00.000Z,3769.48,942.37,72.95,NULL,NULL,70.6,P,72.49,0,"{""3-bars"": -0.011, ""5-bars"": -0.012, ""7-bars"": -0.029}",2017-08-04T09:56:00.000Z,37:52.6
193,BUY,AMC,OKAR/B,12.52,12.39,12.65,50,385,04/08/2017,09:53:00,27.27899,NULL,NULL,4820.2,1205.05,NULL,NULL,NULL,NULL,C,NULL,NULL,"{""3-bars"": 0.003, ""5-bars"": 0.002, ""7-bars"": 0.006}",2017-08-04T09:57:00.000Z,37:52.6
194,SELL,AAOI,OKAR/S,72.3,73.1,71.5,50,63,04/08/2017,09:54:00,0,NULL,2017-08-04T09:55:00.000Z,4554.9,1138.725,72.45,NULL,NULL,70.6,P,72.3,0,"{""3-bars"": 0.004, ""5-bars"": -0.006, ""7-bars"": -0.008}",2017-08-04T09:56:00.000Z,37:52.7
195,BUY,BHC,HUMMER,16.65,16.35,16.95,50,167,08/08/2017,09:33:00,34.21053,NULL,NULL,2780.55,695.137,NULL,NULL,NULL,NULL,C,NULL,NULL,"{""3-bars"": -0.014, ""5-bars"": 0, ""7-bars"": 0}",2017-08-08T09:37:00.000Z,43:58.0
196,BUY,BHC,HUMMER,16.34,16.13,16.55,50,238,08/08/2017,09:40:00,50,NULL,2017-08-08T09:41:00.000Z,3888.92,972.23,NULL,16.11,16.93,NULL,L,16.34,0,"{""3-bars"": -0.015, ""5-bars"": -0.015, ""7-bars"": -0.018}",2017-08-08T09:42:00.000Z,43:58.0
197,SELL,NFLX,OKAR/S,172.53,173.24,171.82,50,70,09/08/2017,09:33:00,29.43723,NULL,2017-08-09T09:34:00.000Z,12077.1,3019.275,173.4,NULL,NULL,171.85,L,172.53,0,"{""3-bars"": -0.011, ""5-bars"": 0, ""7-bars"": 0}",2017-08-09T09:37:00.000Z,47:03.3
198,BUY,LITE,HUMMER,62.81,60.68,64.94,50,23,09/08/2017,09:36:00,63,NULL,2017-08-09T09:37:00.000Z,1444.63,361.158,NULL,60.1,63.65,NULL,L,62.81,0,"{""3-bars"": -0.01, ""5-bars"": -0.024, ""7-bars"": 0}",2017-08-09T09:50:00.000Z,47:03.3
199,SELL,BHC,SHOOTING-STAR,14.85,15.02,14.68,50,294,09/08/2017,09:45:00,20.39216,NULL,2017-08-09T09:47:00.000Z,4365.9,1091.475,15.12,NULL,NULL,14.7,L,14.85,0,"{""3-bars"": -0.003, ""5-bars"": -0.011, ""7-bars"": 0.003}",2017-08-09T09:48:00.000Z,47:03.3
200,SELL,NFLX,OKAR/S,174.75,175.31,174.19,50,89,09/08/2017,09:59:00,55.84416,NULL,2017-08-09T10:00:00.000Z,15552.75,3888.188,174.95,NULL,NULL,173.39,P,174.75,0,"{""3-bars"": 0.0, ""5-bars"": 0.002, ""7-bars"": -0.001}",2017-08-09T10:03:00.000Z,47:03.4
201,SELL,SNAP,SHOOTING-STAR,12.01,12.17,11.85,50,312,11/08/2017,09:38:00,11.42857,NULL,2017-08-11T09:40:00.000Z,3747.12,936.78,12.08,NULL,NULL,11.83,P,12.01,0,"{""3-bars"": -0.007, ""5-bars"": -0.012, ""7-bars"": -0.001}",2017-08-11T09:55:00.000Z,53:10.8
202,BUY,MOMO,HUMMER,35.56,35.4,35.72,50,312,14/08/2017,09:45:00,13.66271,NULL,2017-08-14T09:47:00.000Z,11094.72,2773.68,NULL,35.42,36.28,NULL,P,35.56,0,"{""3-bars"": 0.0, ""5-bars"": 0.004, ""7-bars"": -0.007}",2017-08-14T10:02:00.000Z,56:16.4
203,SELL,DKS,SHOOTING-STAR,24.09,24.38,23.8,50,172,15/08/2017,09:31:00,5.97633,NULL,2017-08-15T09:34:00.000Z,4143.48,1035.87,24.71,NULL,NULL,23.84,L,24.09,0,"{""3-bars"": 0, ""5-bars"": 0, ""7-bars"": 0}",2017-08-15T09:32:00.000Z,59:18.5
204,BUY,SNAP,HUMMER,12.97,12.83,13.11,50,357,15/08/2017,09:40:00,47.82609,NULL,2017-08-15T09:41:00.000Z,4630.29,1157.573,NULL,12.81,13.3,NULL,L,12.97,0,"{""3-bars"": -0.001, ""5-bars"": -0.011, ""7-bars"": -0.009}",2017-08-15T09:49:00.000Z,59:18.6
205,BUY,BABA,HUMMER,166.51,165.25,167.77,50,40,17/08/2017,09:30:00,9.36107,NULL,NULL,6660.4,1665.1,NULL,NULL,NULL,NULL,C,NULL,NULL,"{""3-bars"": 0, ""5-bars"": 0, ""7-bars"": 0}",2017-08-17T09:34:00.000Z,05:24.7
206,BUY,BABA,HUMMER,164.95,164.5,165.4,50,111,17/08/2017,09:51:00,22.88262,NULL,2017-08-17T09:52:00.000Z,18309.45,4577.362,NULL,164.56,165.65,NULL,P,164.95,0,"{""3-bars"": -0.005, ""5-bars"": -0.005, ""7-bars"": -0.006}",2017-08-17T09:55:00.000Z,05:24.7
207,SELL,DE,OKAR/S,106.1,106.84,105.36,50,68,18/08/2017,09:36:00,3.50808,NULL,2017-08-18T09:37:00.000Z,7214.8,1803.7,107.27,NULL,NULL,104.2,L,106.1,0,"{""3-bars"": -0.001, ""5-bars"": -0.004, ""7-bars"": 0}",2017-08-18T09:42:00.000Z,08:28.3
208,BUY,AMAT,HUMMER,42,41.62,42.38,50,132,18/08/2017,09:38:00,29.25239,NULL,2017-08-18T09:39:00.000Z,5544,1386,NULL,41.49,42.29,NULL,L,42,0,"{""3-bars"": -0.012, ""5-bars"": -0.008, ""7-bars"": -0.0}",2017-08-18T09:53:00.000Z,08:28.4
209,BUY,ROST,OKAR/B,56.54,56.34,56.74,50,250,18/08/2017,10:00:00,4.34095,NULL,2017-08-18T10:01:00.000Z,14135,3533.75,NULL,56.23,56.66,NULL,L,56.54,0,"{""3-bars"": -0.001, ""5-bars"": 0.003, ""7-bars"": 0.003}",2017-08-18T10:07:00.000Z,08:28.4
210,SELL,MOMO,OKAR/S,30.77,31.02,30.52,50,200,22/08/2017,09:49:00,1.90267,NULL,2017-08-22T09:50:00.000Z,6154,1538.5,30.89,NULL,NULL,29.24,P,30.77,0,"{""3-bars"": 0.001, ""5-bars"": 0.004, ""7-bars"": 0.011}",2017-08-22T09:51:00.000Z,14:33.2
211,SELL,STX,OKAR/S,24.46,24.53,24.39,50,714,23/08/2017,09:48:00,11.71233,NULL,NULL,17464.44,4366.11,NULL,NULL,NULL,NULL,C,NULL,NULL,"{""3-bars"": -0.001, ""5-bars"": -0.002, ""7-bars"": -0.002}",2017-08-23T09:52:00.000Z,17:34.8
212,SELL,LOW,OKAR/S,65.51,66.12,64.9,50,82,23/08/2017,09:50:00,13.80154,NULL,NULL,5371.82,1342.955,NULL,NULL,NULL,NULL,C,NULL,NULL,"{""3-bars"": 0.006, ""5-bars"": 0.004, ""7-bars"": 0.007}",2017-08-23T09:54:00.000Z,17:34.8
213,BUY,MRVL,OKAR/B,16.22,16.04,16.4,50,278,25/08/2017,09:41:00,3.90138,NULL,2017-08-25T09:43:00.000Z,4509.16,1127.29,NULL,16.16,16.76,NULL,P,16.22,0,"{""3-bars"": 0.0, ""5-bars"": -0.001, ""7-bars"": 0.0}",2017-08-25T09:48:00.000Z,23:37.1
214,BUY,MOMO,HUMMER,29.87,29.48,30.26,50,128,31/08/2017,09:35:00,61.73877,NULL,2017-08-31T09:36:00.000Z,3823.36,955.84,NULL,29.7,30.59,NULL,P,29.87,0,"{""3-bars"": -0.011, ""5-bars"": -0.023, ""7-bars"": 0}",2017-08-31T10:41:00.000Z,35:43.7
215,SELL,KR,OKAR/S,19.3,19.57,19.03,50,185,08/09/2017,09:45:00,30.98898,NULL,2017-09-08T09:46:00.000Z,3570.5,892.625,19.59,NULL,NULL,19.19,L,19.3,0,"{""3-bars"": 0.001, ""5-bars"": 0.0, ""7-bars"": 0.001}",2017-09-08T10:23:00.000Z,50:58.4
216,SELL,KR,OKAR/S,19.27,19.35,19.19,50,625,08/09/2017,09:50:00,30.98898,NULL,NULL,12043.75,3010.938,NULL,NULL,NULL,NULL,C,NULL,NULL,"{""3-bars"": -0.0, ""5-bars"": 0.002, ""7-bars"": 0.005}",2017-09-08T09:54:00.000Z,50:58.4
217,SELL,ORCL,SHOOTING-STAR,45.82,46.55,45.09,50,68,15/09/2017,09:49:00,2.12845,NULL,NULL,3115.76,778.94,NULL,NULL,NULL,NULL,C,NULL,NULL,"{""3-bars"": 0.001, ""5-bars"": -0.0, ""7-bars"": -0.004}",2017-09-15T09:53:00.000Z,06:18.7
218,SELL,BBBY,OKAR/S,20.36,20.61,20.11,50,200,20/09/2017,09:47:00,2.36338,NULL,2017-09-20T09:49:00.000Z,4072,1018,20.74,NULL,NULL,20.15,L,20.36,0,"{""3-bars"": -0.003, ""5-bars"": -0.01, ""7-bars"": -0.011}",2017-09-20T10:11:00.000Z,15:30.5
219,BUY,UNIT,OKAR/B,11,10.9,11.1,50,500,22/09/2017,09:38:00,36.72472,NULL,NULL,5500,1375,NULL,NULL,NULL,NULL,C,NULL,NULL,"{""3-bars"": 0.002, ""5-bars"": -0.002, ""7-bars"": -0.005}",2017-09-22T09:42:00.000Z,21:33.9
220,SELL,X,OKAR/S,22.58,22.72,22.44,50,357,22/09/2017,09:45:00,36.66667,NULL,2017-09-22T09:46:00.000Z,8061.06,2015.265,22.69,NULL,NULL,22.35,P,22.58,0,"{""3-bars"": 0.002, ""5-bars"": 0.004, ""7-bars"": 0.013}",2017-09-22T09:51:00.000Z,21:33.9
221,BUY,UNIT,HUMMER,11.48,11.35,11.61,50,385,25/09/2017,09:31:00,30.00428,NULL,2017-09-25T09:32:00.000Z,4419.8,1104.95,NULL,11.4,11.68,NULL,P,11.48,0,"{""3-bars"": 0, ""5-bars"": 0, ""7-bars"": 0}",2017-09-25T10:14:00.000Z,24:36.8
222,BUY,ICPT,OKAR/B,67.11,65.52,68.7,50,31,25/09/2017,09:45:00,28.95833,NULL,2017-09-25T09:46:00.000Z,2080.41,520.103,NULL,64.53,67.22,NULL,L,67.11,0,"{""3-bars"": 0.013, ""5-bars"": 0.017, ""7-bars"": 0.013}",2017-09-25T09:49:00.000Z,24:36.8
223,BUY,UNIT,OKAR/B,11.47,11.4,11.54,50,714,25/09/2017,09:55:00,30.00428,NULL,2017-09-25T09:56:00.000Z,8189.58,2047.395,NULL,11.41,11.68,NULL,P,11.47,0,"{""3-bars"": 0.002, ""5-bars"": 0.003, ""7-bars"": 0.005}",2017-09-25T10:09:00.000Z,24:36.8
224,SELL,TEVA,OKAR/S,16.47,16.55,16.39,50,625,04/10/2017,09:53:00,17.45797,NULL,2017-10-04T09:55:00.000Z,10293.75,2573.438,16.5,NULL,NULL,16,P,16.47,0,"{""3-bars"": -0.001, ""5-bars"": -0.003, ""7-bars"": -0.006}",2017-10-04T10:05:00.000Z,46:04.9
225,SELL,CLSN,OKAR/S,61.64,62.4,60.88,50,66,04/10/2017,09:55:00,30.68783,NULL,NULL,4068.24,1017.06,NULL,NULL,NULL,NULL,C,NULL,NULL,"{""3-bars"": -0.003, ""5-bars"": 0.006, ""7-bars"": 0.04}",2017-10-04T09:59:00.000Z,46:04.9
226,SELL,COST,OKAR/S,147.34,147.84,146.84,50,100,06/10/2017,09:46:00,5.69935,NULL,2017-10-06T09:47:00.000Z,14734,3683.5,148.07,NULL,NULL,146.65,L,147.34,0,"{""3-bars"": -0.002, ""5-bars"": -0.001, ""7-bars"": 0.004}",2017-10-06T09:49:00.000Z,52:11.4
227,SELL,COST,OKAR/S,147.34,147.92,146.76,50,86,06/10/2017,09:50:00,5.69935,NULL,2017-10-06T09:51:00.000Z,12671.24,3167.81,147.92,NULL,NULL,146.65,P,147.34,0,"{""3-bars"": 0.001, ""5-bars"": 0.002, ""7-bars"": -0.002}",2017-10-06T10:34:00.000Z,52:11.4
228,SELL,ICPT,OKAR/S,66.74,67.31,66.17,50,88,06/10/2017,09:55:00,0.3367,NULL,2017-10-06T09:56:00.000Z,5873.12,1468.28,66.99,NULL,NULL,65.33,P,66.74,0,"{""3-bars"": 0.0, ""5-bars"": 0.012, ""7-bars"": 0.012}",2017-10-06T10:01:00.000Z,52:11.4
229,BUY,NVDA,OKAR/B,47.56,47.37,47.75,50,263,10/10/2017,09:56:00,27.81321,NULL,2017-10-10T09:57:00.000Z,12508.28,3127.07,NULL,47.29,47.62,NULL,L,47.56,0,"{""3-bars"": 0.001, ""5-bars"": -0.0, ""7-bars"": -0.001}",2017-10-10T10:00:00.000Z,58:16.8
230,BUY,KR,HUMMER,19.52,19.45,19.59,50,714,11/10/2017,09:38:00,20.625,NULL,2017-10-11T09:39:00.000Z,13937.28,3484.32,NULL,19.47,19.99,NULL,P,19.52,0,"{""3-bars"": -0.002, ""5-bars"": -0.007, ""7-bars"": -0.001}",2017-10-11T09:41:00.000Z,01:19.3
231,SELL,WFC,SHOOTING-STAR,46.19,46.48,45.9,50,172,13/10/2017,09:30:00,9.99524,NULL,2017-10-13T09:32:00.000Z,7944.68,1986.17,46.34,NULL,NULL,45.71,P,46.19,0,"{""3-bars"": 0, ""5-bars"": 0, ""7-bars"": 0}",2017-10-13T09:35:00.000Z,07:24.6
232,SELL,WFC,SHOOTING-STAR,46,46.13,45.87,50,385,13/10/2017,09:42:00,9.99524,NULL,2017-10-13T09:43:00.000Z,17710,4427.5,46.01,NULL,NULL,45.77,P,46,0,"{""3-bars"": -0.003, ""5-bars"": -0.002, ""7-bars"": -0.002}",2017-10-13T09:43:00.000Z,07:24.7
233,SELL,WFC,SHOOTING-STAR,46.13,46.22,46.04,50,556,13/10/2017,09:53:00,9.99524,NULL,2017-10-13T09:54:00.000Z,25648.28,6412.07,46.15,NULL,NULL,45.77,P,46.13,0,"{""3-bars"": -0.0, ""5-bars"": -0.001, ""7-bars"": -0.001}",2017-10-13T09:54:00.000Z,07:24.7
234,BUY,JD,OKAR/B,38.74,38.63,38.85,50,455,16/10/2017,09:48:00,42.95719,NULL,2017-10-16T09:50:00.000Z,17626.7,4406.675,NULL,38.62,38.78,NULL,L,38.74,0,"{""3-bars"": -0.001, ""5-bars"": -0.001, ""7-bars"": 0.003}",2017-10-16T09:52:00.000Z,10:29.2
235,BUY,JD,HUMMER,38.68,38.6,38.76,50,625,16/10/2017,09:53:00,42.95719,NULL,NULL,24175,6043.75,NULL,NULL,NULL,NULL,C,NULL,NULL,"{""3-bars"": -0.002, ""5-bars"": -0.001, ""7-bars"": -0.001}",2017-10-16T09:57:00.000Z,10:29.2
236,SELL,EBAY,SHOOTING-STAR,34.73,35.01,34.45,50,179,19/10/2017,09:37:00,46.31379,NULL,NULL,6216.67,1554.167,NULL,NULL,NULL,NULL,C,NULL,NULL,"{""3-bars"": 0.0, ""5-bars"": 0.012, ""7-bars"": 0.008}",2017-10-19T09:41:00.000Z,19:39.6
237,SELL,WOLF,OKAR/S,33.01,33.23,32.79,50,227,19/10/2017,09:38:00,8.8,NULL,2017-10-19T09:40:00.000Z,7493.27,1873.317,33.24,NULL,NULL,32.65,L,33.01,0,"{""3-bars"": -0.005, ""5-bars"": 0.008, ""7-bars"": -0.001}",2017-10-19T09:39:00.000Z,19:39.6
238,SELL,SPPI,SHOOTING-STAR,18.38,18.57,18.19,50,263,19/10/2017,09:39:00,14.44444,NULL,2017-10-19T09:40:00.000Z,4833.94,1208.485,18.74,NULL,NULL,18.27,L,18.38,0,"{""3-bars"": -0.011, ""5-bars"": -0.023, ""7-bars"": -0.013}",2017-10-19T09:41:00.000Z,19:39.6
239,SELL,PM,SHOOTING-STAR,83.34,83.51,83.17,50,294,19/10/2017,09:52:00,82.45894,NULL,2017-10-19T09:53:00.000Z,24501.96,6125.49,83.56,NULL,NULL,83.07,L,83.34,0,"{""3-bars"": -0.0, ""5-bars"": -0.002, ""7-bars"": 0.004}",2017-10-19T09:54:00.000Z,19:39.6
240,SELL,GE,SHOOTING-STAR,119.44,120.39,118.49,50,53,20/10/2017,09:31:00,23.97319,NULL,2017-10-20T09:32:00.000Z,6330.32,1582.58,120.79,NULL,NULL,119.03,L,119.44,0,"{""3-bars"": 0, ""5-bars"": 0, ""7-bars"": 0}",2017-10-20T09:34:00.000Z,22:43.8
241,BUY,PYPL,OKAR/B,71.05,70.62,71.48,50,116,20/10/2017,09:34:00,17.40196,NULL,2017-10-20T09:35:00.000Z,8241.8,2060.45,NULL,70.35,71.73,NULL,L,71.05,0,"{""3-bars"": -0.005, ""5-bars"": 0, ""7-bars"": 0}",2017-10-20T09:35:00.000Z,22:43.8
242,BUY,PYPL,HUMMER,71.41,71.15,71.67,50,192,20/10/2017,10:00:00,24.01961,NULL,2017-10-20T10:01:00.000Z,13710.72,3427.68,NULL,71.3,71.73,NULL,P,71.41,0,"{""3-bars"": -0.001, ""5-bars"": 0.002, ""7-bars"": 0.002}",2017-10-20T10:02:00.000Z,22:43.8
243,SELL,MAT,OKAR/S,15.23,15.4,15.06,50,294,23/10/2017,09:36:00,15.51724,NULL,2017-10-23T09:39:00.000Z,4477.62,1119.405,15.49,NULL,NULL,15.07,L,15.23,0,"{""3-bars"": 0.004, ""5-bars"": 0.014, ""7-bars"": 0}",2017-10-23T10:45:00.000Z,25:48.1
244,SELL,IPG,SHOOTING-STAR,15.86,16,15.72,50,357,24/10/2017,09:30:00,7.13977,NULL,2017-10-24T09:31:00.000Z,5662.02,1415.505,15.93,NULL,NULL,15.71,P,15.86,0,"{""3-bars"": 0, ""5-bars"": 0, ""7-bars"": 0}",2017-10-24T09:31:00.000Z,28:51.4
245,SELL,AMD,SHOOTING-STAR,13.04,13.15,12.93,50,455,25/10/2017,09:38:00,12.68657,NULL,2017-10-25T09:39:00.000Z,5933.2,1483.3,13.09,NULL,NULL,12.68,P,13.04,0,"{""3-bars"": -0.006, ""5-bars"": 0.0, ""7-bars"": -0.002}",2017-10-25T09:46:00.000Z,31:55.3
246,BUY,WBA,HUMMER,56.65,56.33,56.97,50,156,25/10/2017,09:46:00,104.7813,NULL,2017-10-25T09:47:00.000Z,8837.4,2209.35,NULL,56.2,56.9,NULL,L,56.65,0,"{""3-bars"": -0.006, ""5-bars"": -0.006, ""7-bars"": -0.01}",2017-10-25T09:53:00.000Z,31:55.3
247,SELL,AMD,SHOOTING-STAR,12.88,12.94,12.82,50,833,25/10/2017,09:49:00,12.68657,NULL,2017-10-25T09:52:00.000Z,10729.04,2682.26,12.96,NULL,NULL,12.68,L,12.88,0,"{""3-bars"": 0.001, ""5-bars"": 0.007, ""7-bars"": 0.016}",2017-10-25T09:51:00.000Z,31:55.3
248,BUY,WBA,OKAR/B,56.44,56.17,56.71,50,185,25/10/2017,09:58:00,116.17847,NULL,2017-10-25T09:59:00.000Z,10441.4,2610.35,NULL,55.97,56.6,NULL,L,56.44,0,"{""3-bars"": 0.003, ""5-bars"": 0.003, ""7-bars"": -0.003}",2017-10-25T10:02:00.000Z,31:55.3
249,SELL,AMGN,OKAR/S,151.13,152.27,149.99,50,44,26/10/2017,09:38:00,81.14612,NULL,2017-10-26T09:39:00.000Z,6649.72,1662.43,152.7,NULL,NULL,151.09,L,151.13,0,"{""3-bars"": -0.0, ""5-bars"": 0.009, ""7-bars"": 0.002}",2017-10-26T09:43:00.000Z,35:00.7
250,SELL,CHTR,SHOOTING-STAR,320.94,321.82,320.06,50,57,26/10/2017,09:39:00,13.54755,NULL,NULL,18293.58,4573.395,NULL,NULL,NULL,NULL,C,NULL,NULL,"{""3-bars"": -0.004, ""5-bars"": -0.006, ""7-bars"": -0.006}",2017-10-26T09:43:00.000Z,35:00.7
251,SELL,TSCO,SHOOTING-STAR,52.6,53.11,52.09,50,98,26/10/2017,09:43:00,71.52146,NULL,2017-10-26T09:44:00.000Z,5154.8,1288.7,52.95,NULL,NULL,51.74,P,52.6,0,"{""3-bars"": -0.004, ""5-bars"": -0.01, ""7-bars"": -0.002}",2017-10-26T09:54:00.000Z,35:00.7
252,SELL,TAL,SHOOTING-STAR,27.99,28.19,27.79,50,250,26/10/2017,09:52:00,8.10185,NULL,NULL,6997.5,1749.375,NULL,NULL,NULL,NULL,C,NULL,NULL,"{""3-bars"": -0.004, ""5-bars"": -0.02, ""7-bars"": -0.038}",2017-10-26T09:56:00.000Z,35:00.7
253,SELL,TAL,SHOOTING-STAR,28.51,28.88,28.14,50,135,26/10/2017,09:56:00,17.59259,NULL,NULL,3848.85,962.213,NULL,NULL,NULL,NULL,C,NULL,NULL,"{""3-bars"": -0.01, ""5-bars"": -0.015, ""7-bars"": -0.022}",2017-10-26T10:00:00.000Z,35:00.7
254,BUY,MSFT,OKAR/B,79.02,78.45,79.59,50,88,27/10/2017,09:35:00,13.59682,NULL,2017-10-27T09:36:00.000Z,6953.76,1738.44,NULL,78.91,81,NULL,P,79.02,0,"{""3-bars"": 0.001, ""5-bars"": -0.007, ""7-bars"": 0}",2017-10-27T09:42:00.000Z,38:05.9
255,SELL,GT,OKAR/S,29.72,30.18,29.26,50,109,27/10/2017,09:43:00,31.76075,NULL,2017-10-27T09:44:00.000Z,3239.48,809.87,29.99,NULL,NULL,28.93,P,29.72,0,"{""3-bars"": 0.0, ""5-bars"": -0.006, ""7-bars"": -0.001}",2017-10-27T10:24:00.000Z,38:05.9
256,BUY,GOOGL,OKAR/B,52.45,52.2,52.7,50,200,27/10/2017,09:45:00,10.46247,NULL,NULL,10490,2622.5,NULL,NULL,NULL,NULL,C,NULL,NULL,"{""3-bars"": 0.001, ""5-bars"": 0.006, ""7-bars"": 0.01}",2017-10-27T09:49:00.000Z,38:05.9
257,BUY,GOOGL,OKAR/B,52.39,52.19,52.59,50,250,27/10/2017,09:51:00,10.46247,NULL,2017-10-27T09:52:00.000Z,13097.5,3274.375,NULL,52.33,53.18,NULL,P,52.39,0,"{""3-bars"": 0.003, ""5-bars"": 0.001, ""7-bars"": 0.002}",2017-10-27T10:03:00.000Z,38:05.9
258,SELL,MAT,SHOOTING-STAR,12.89,12.98,12.8,50,556,27/10/2017,09:54:00,9.91903,NULL,2017-10-27T09:56:00.000Z,7166.84,1791.71,13,NULL,NULL,12.84,L,12.89,0,"{""3-bars"": -0.005, ""5-bars"": 0.001, ""7-bars"": 0.005}",2017-10-27T10:06:00.000Z,38:05.9
259,SELL,GILD,OKAR/S,61.61,61.85,61.37,50,208,27/10/2017,09:58:00,9.92094,NULL,2017-10-27T09:59:00.000Z,12814.88,3203.72,61.76,NULL,NULL,61.34,P,61.61,0,"{""3-bars"": -0.004, ""5-bars"": -0.005, ""7-bars"": -0.008}",2017-10-27T10:00:00.000Z,38:05.9
260,SELL,GM,OKAR/S,38.94,39.22,38.66,50,179,30/10/2017,09:35:00,19.47482,NULL,NULL,6970.26,1742.565,NULL,NULL,NULL,NULL,C,NULL,NULL,"{""3-bars"": -0.004, ""5-bars"": -0.005, ""7-bars"": 0}",2017-10-30T09:39:00.000Z,41:11.9
261,SELL,MRK,OKAR/S,45.62,46.03,45.21,50,122,30/10/2017,09:42:00,12.04767,NULL,2017-10-30T09:45:00.000Z,5565.64,1391.41,NULL,NULL,NULL,NULL,C,45.78,-19.74,"{""3-bars"": -0.002, ""5-bars"": -0.002, ""7-bars"": -0.008}",2017-10-30T11:00:00.000Z,41:11.9
262,SELL,MRK,SHOOTING-STAR,45.78,46.01,45.55,50,217,30/10/2017,09:47:00,12.04767,NULL,2017-10-30T09:48:00.000Z,9934.26,2483.565,45.97,NULL,NULL,45.54,P,45.78,0,"{""3-bars"": -0.004, ""5-bars"": -0.004, ""7-bars"": -0.001}",2017-10-30T10:14:00.000Z,41:11.9
263,BUY,K,HUMMER,53.01,52.73,53.29,50,179,31/10/2017,09:31:00,6.80333,NULL,2017-10-31T09:32:00.000Z,9488.79,2372.197,NULL,52.97,53.97,NULL,P,53.01,0,"{""3-bars"": 0, ""5-bars"": 0, ""7-bars"": 0}",2017-10-31T09:34:00.000Z,44:16.4
264,BUY,MOS,HUMMER,21.36,21.11,21.61,50,200,31/10/2017,09:39:00,24.82635,NULL,2017-10-31T09:41:00.000Z,4272,1068,NULL,21.19,22.06,NULL,P,21.36,0,"{""3-bars"": -0.004, ""5-bars"": 0.001, ""7-bars"": 0.005}",2017-10-31T09:45:00.000Z,44:16.4
265,BUY,MOS,HUMMER,21.89,21.77,22.01,50,417,31/10/2017,09:58:00,24.82635,NULL,2017-10-31T09:59:00.000Z,9128.13,2282.033,NULL,21.69,22.06,NULL,L,21.89,0,"{""3-bars"": 0.001, ""5-bars"": 0.001, ""7-bars"": 0.0}",2017-10-31T10:09:00.000Z,44:16.4
266,BUY,X,HUMMER,26.89,26.39,27.39,50,100,01/11/2017,09:34:00,15.87236,NULL,2017-11-01T09:35:00.000Z,2689,672.25,NULL,26.62,28.3,NULL,P,26.89,0,"{""3-bars"": -0.008, ""5-bars"": 0, ""7-bars"": 0}",2017-11-01T09:35:00.000Z,47:22.5
267,BUY,X,OKAR/B,27.41,27.1,27.72,50,161,01/11/2017,09:39:00,15.87236,NULL,2017-11-01T09:40:00.000Z,4413.01,1103.253,NULL,27.35,28.3,NULL,P,27.41,0,"{""3-bars"": 0.001, ""5-bars"": 0.022, ""7-bars"": 0.018}",2017-11-01T09:41:00.000Z,47:22.5
268,BUY,X,HUMMER,28.01,27.85,28.17,50,312,01/11/2017,09:51:00,15.87236,NULL,2017-11-01T09:52:00.000Z,8739.12,2184.78,NULL,27.81,28.3,NULL,L,28.01,0,"{""3-bars"": -0.006, ""5-bars"": -0.003, ""7-bars"": 0.004}",2017-11-01T09:53:00.000Z,47:22.5
269,BUY,X,OKAR/B,27.8,27.58,28.02,50,227,01/11/2017,09:57:00,15.87236,NULL,2017-11-01T09:58:00.000Z,6310.6,1577.65,NULL,27.71,28.3,NULL,P,27.8,0,"{""3-bars"": 0.003, ""5-bars"": -0.005, ""7-bars"": -0.007}",2017-11-01T10:06:00.000Z,47:22.5
270,SELL,TSLA,SHOOTING-STAR,60.14,60.71,59.57,50,88,02/11/2017,09:31:00,14.10195,NULL,NULL,5292.32,1323.08,NULL,NULL,NULL,NULL,C,NULL,NULL,"{""3-bars"": 0, ""5-bars"": 0, ""7-bars"": 0}",2017-11-02T09:35:00.000Z,50:28.5
271,SELL,TEVA,OKAR/S,11.3,11.43,11.17,50,385,02/11/2017,09:43:00,0.97187,NULL,2017-11-02T09:45:00.000Z,4350.5,1087.625,11.48,NULL,NULL,10.78,L,11.3,0,"{""3-bars"": 0.004, ""5-bars"": -0.002, ""7-bars"": 0.002}",2017-11-02T09:45:00.000Z,50:28.5
272,BUY,BHC,OKAR/B,11.5,11.41,11.59,50,556,03/11/2017,09:48:00,30.76923,NULL,NULL,6394,1598.5,NULL,NULL,NULL,NULL,C,NULL,NULL,"{""3-bars"": 0.001, ""5-bars"": -0.004, ""7-bars"": -0.002}",2017-11-03T09:52:00.000Z,53:33.4
273,BUY,AMD,OKAR/B,11.85,11.82,11.88,50,1667,06/11/2017,09:54:00,41.93548,NULL,2017-11-06T09:55:00.000Z,19753.95,4938.488,NULL,11.83,11.93,NULL,P,11.85,0,"{""3-bars"": -0.004, ""5-bars"": 0.003, ""7-bars"": 0.003}",2017-11-06T09:56:00.000Z,56:40.6
274,BUY,TEVA,HUMMER,11.95,11.89,12.01,50,833,06/11/2017,09:57:00,22.21394,NULL,2017-11-06T10:00:00.000Z,9954.35,2488.587,NULL,11.89,12.35,NULL,L,11.95,0,"{""3-bars"": -0.002, ""5-bars"": -0.005, ""7-bars"": 0.001}",2017-11-06T09:58:00.000Z,56:40.6
275,BUY,BHC,OKAR/B,13.84,13.57,14.11,50,185,07/11/2017,09:39:00,13.6612,NULL,2017-11-07T09:40:00.000Z,2560.4,640.1,NULL,13.8,14.32,NULL,P,13.84,0,"{""3-bars"": 0.005, ""5-bars"": -0.011, ""7-bars"": -0.007}",2017-11-07T09:42:00.000Z,59:45.7
276,SELL,CAR,OKAR/S,37.32,37.52,37.12,50,250,07/11/2017,09:56:00,20.28571,NULL,2017-11-07T09:59:00.000Z,9330,2332.5,37.66,NULL,NULL,35.36,L,37.32,0,"{""3-bars"": 0.002, ""5-bars"": 0.003, ""7-bars"": 0.012}",2017-11-07T09:59:00.000Z,59:45.7
277,BUY,TTWO,OKAR/B,117.32,116.4,118.24,50,54,08/11/2017,09:52:00,26.81852,NULL,2017-11-08T09:53:00.000Z,6335.28,1583.82,NULL,117.16,119.1,NULL,P,117.32,0,"{""3-bars"": 0.003, ""5-bars"": -0.003, ""7-bars"": -0.006}",2017-11-08T09:55:00.000Z,02:51.6
278,SELL,KSS,SHOOTING-STAR,32.61,32.95,32.27,50,147,09/11/2017,09:37:00,31.49923,NULL,NULL,4793.67,1198.418,NULL,NULL,NULL,NULL,C,NULL,NULL,"{""3-bars"": -0.01, ""5-bars"": -0.008, ""7-bars"": -0.005}",2017-11-09T09:41:00.000Z,05:57.9
279,SELL,TJX,SHOOTING-STAR,31.8,32.13,31.47,50,152,14/11/2017,09:36:00,12.81947,NULL,NULL,4833.6,1208.4,NULL,NULL,NULL,NULL,C,NULL,NULL,"{""3-bars"": -0.007, ""5-bars"": -0.0, ""7-bars"": 0}",2017-11-14T09:40:00.000Z,15:15.3
280,SELL,TJX,SHOOTING-STAR,32.28,32.4,32.16,50,417,14/11/2017,09:50:00,34.618,NULL,2017-11-14T09:52:00.000Z,13460.76,3365.19,32.48,NULL,NULL,31.94,L,32.28,0,"{""3-bars"": 0.0, ""5-bars"": 0.003, ""7-bars"": -0.001}",2017-11-14T09:54:00.000Z,15:15.3
281,BUY,SQ,OKAR/B,41.68,41.05,42.31,50,79,15/11/2017,09:38:00,10.56338,NULL,NULL,3292.72,823.18,NULL,NULL,NULL,NULL,C,NULL,NULL,"{""3-bars"": 0.006, ""5-bars"": 0.001, ""7-bars"": 0.007}",2017-11-15T09:42:00.000Z,18:22.0
282,SELL,TGT,SHOOTING-STAR,48.88,49.21,48.55,50,152,15/11/2017,09:43:00,1.82626,NULL,NULL,7429.76,1857.44,NULL,NULL,NULL,NULL,C,NULL,NULL,"{""3-bars"": -0.003, ""5-bars"": -0.007, ""7-bars"": 0.004}",2017-11-15T09:47:00.000Z,18:22.0
283,SELL,TGT,SHOOTING-STAR,49.4,49.73,49.07,50,152,15/11/2017,09:46:00,1.82626,NULL,2017-11-15T09:47:00.000Z,7508.8,1877.2,49.57,NULL,NULL,48.31,P,49.4,0,"{""3-bars"": -0.009, ""5-bars"": -0.013, ""7-bars"": -0.012}",2017-11-15T09:50:00.000Z,18:22.0
284,BUY,SYF,HUMMER,29.75,29.61,29.89,50,357,16/11/2017,09:31:00,9.43799,NULL,2017-11-16T09:32:00.000Z,10620.75,2655.188,NULL,29.54,29.95,NULL,L,29.75,0,"{""3-bars"": 0, ""5-bars"": 0, ""7-bars"": 0}",2017-11-16T09:32:00.000Z,21:28.4
285,BUY,NTAP,OKAR/B,47.01,46.82,47.2,50,263,16/11/2017,09:58:00,1.78965,NULL,2017-11-16T09:59:00.000Z,12363.63,3090.908,NULL,46.81,47.16,NULL,L,47.01,0,"{""3-bars"": -0.003, ""5-bars"": 0.001, ""7-bars"": 0.006}",2017-11-16T10:06:00.000Z,21:28.4
286,BUY,DISCA,OKAR/B,16.97,16.82,17.12,50,333,17/11/2017,09:33:00,83.7037,NULL,2017-11-17T09:34:00.000Z,5651.01,1412.752,NULL,16.86,17.73,NULL,P,16.97,0,"{""3-bars"": -0.008, ""5-bars"": 0, ""7-bars"": 0}",2017-11-17T09:36:00.000Z,24:34.1
287,BUY,URBN,HUMMER,26.96,26.79,27.13,50,294,17/11/2017,09:37:00,64.42308,NULL,2017-11-17T09:38:00.000Z,7926.24,1981.56,NULL,26.92,27.92,NULL,P,26.96,0,"{""3-bars"": -0.023, ""5-bars"": -0.023, ""7-bars"": -0.016}",2017-11-17T09:39:00.000Z,24:34.1
288,BUY,FL,HUMMER,34.72,34.24,35.2,50,104,17/11/2017,09:53:00,19.40689,NULL,2017-11-17T09:54:00.000Z,3610.88,902.72,NULL,34.24,35.02,NULL,L,34.72,0,"{""3-bars"": -0.015, ""5-bars"": -0.016, ""7-bars"": -0.017}",2017-11-17T09:57:00.000Z,24:34.1
289,BUY,TSLA,HUMMER,64.37,64.21,64.53,50,312,17/11/2017,09:55:00,50.26415,NULL,2017-11-17T09:56:00.000Z,20083.44,5020.86,NULL,64.16,64.42,NULL,L,64.37,0,"{""3-bars"": -0.001, ""5-bars"": 0.002, ""7-bars"": 0.002}",2017-11-17T09:57:00.000Z,24:34.1
290,BUY,SQ,OKAR/B,48.11,47.4,48.82,50,70,22/11/2017,09:40:00,137.24138,NULL,NULL,3367.7,841.925,NULL,NULL,NULL,NULL,C,NULL,NULL,"{""3-bars"": 0.001, ""5-bars"": -0.001, ""7-bars"": -0.015}",2017-11-22T09:44:00.000Z,33:52.2
291,SELL,HPE,OKAR/S,11.32,11.39,11.25,50,714,22/11/2017,09:43:00,21.73418,NULL,NULL,8082.48,2020.62,NULL,NULL,NULL,NULL,C,NULL,NULL,"{""3-bars"": 0.004, ""5-bars"": 0.005, ""7-bars"": 0.009}",2017-11-22T09:47:00.000Z,33:52.2
292,SELL,QD,SHOOTING-STAR,13.44,13.53,13.35,50,556,24/11/2017,09:46:00,7.47126,NULL,2017-11-24T09:47:00.000Z,7472.64,1868.16,13.53,NULL,NULL,13.33,L,13.44,0,"{""3-bars"": -0.009, ""5-bars"": 0.004, ""7-bars"": -0.007}",2017-11-24T09:48:00.000Z,36:57.8
293,SELL,LUMN,SHOOTING-STAR,12.26,12.34,12.18,50,625,24/11/2017,09:50:00,32.72877,NULL,2017-11-24T09:52:00.000Z,7662.5,1915.625,12.35,NULL,NULL,12.25,L,12.26,0,"{""3-bars"": -0.006, ""5-bars"": -0.015, ""7-bars"": -0.012}",2017-11-24T09:59:00.000Z,36:57.8
294,BUY,ROKU,OKAR/B,48.41,47.65,49.17,50,66,28/11/2017,09:54:00,75.82781,NULL,NULL,3195.06,798.765,NULL,NULL,NULL,NULL,C,NULL,NULL,"{""3-bars"": 0.004, ""5-bars"": 0.023, ""7-bars"": 0.01}",2017-11-28T09:58:00.000Z,42:58.0
295,SELL,MARA,OKAR/S,15.11,15.62,14.6,50,98,28/11/2017,10:00:00,1.06952,NULL,2017-11-28T10:01:00.000Z,1480.78,370.195,15.8,NULL,NULL,15.08,L,15.11,0,"{""3-bars"": -0.008, ""5-bars"": 0.016, ""7-bars"": -0.003}",2017-11-28T10:03:00.000Z,42:58.0
296,BUY,MOMO,OKAR/B,20.97,20.8,21.14,50,294,29/11/2017,09:36:00,45.4604,NULL,2017-11-29T09:37:00.000Z,6165.18,1541.295,NULL,20.85,21.24,NULL,P,20.97,0,"{""3-bars"": 0.004, ""5-bars"": -0.001, ""7-bars"": 0}",2017-11-29T09:41:00.000Z,46:05.1
297,SELL,ADSK,SHOOTING-STAR,112.47,112.8,112.14,50,152,29/11/2017,09:40:00,2.70101,NULL,2017-11-29T09:41:00.000Z,17095.44,4273.86,112.74,NULL,NULL,107.59,P,112.47,0,"{""3-bars"": -0.005, ""5-bars"": -0.008, ""7-bars"": -0.007}",2017-11-29T09:41:00.000Z,46:05.1
298,SELL,ROKU,SHOOTING-STAR,46.36,46.83,45.89,50,106,29/11/2017,09:41:00,119.25134,NULL,2017-11-29T09:42:00.000Z,4914.16,1228.54,46.6,NULL,NULL,42.31,P,46.36,0,"{""3-bars"": -0.013, ""5-bars"": -0.015, ""7-bars"": -0.024}",2017-11-29T09:42:00.000Z,46:05.1
299,BUY,MARA,HUMMER,19.09,18.38,19.8,50,70,29/11/2017,09:53:00,48,NULL,2017-11-29T09:54:00.000Z,1336.3,334.075,NULL,18.92,20.6,NULL,P,19.09,0,"{""3-bars"": -0.029, ""5-bars"": -0.048, ""7-bars"": -0.044}",2017-11-29T10:04:00.000Z,46:05.1
300,BUY,M,OKAR/B,19.07,18.98,19.16,50,556,29/11/2017,09:58:00,7.15164,NULL,2017-11-29T09:59:00.000Z,10602.92,2650.73,NULL,18.98,19.27,NULL,L,19.07,0,"{""3-bars"": 0.003, ""5-bars"": -0.003, ""7-bars"": -0.001}",2017-11-29T10:10:00.000Z,46:05.1
301,BUY,OSTK,HUMMER,46.31,45.43,47.19,50,57,01/12/2017,09:50:00,190.90909,NULL,2017-12-01T09:51:00.000Z,2639.67,659.918,NULL,NULL,NULL,NULL,C,46.27,-2.51,"{""3-bars"": -0.019, ""5-bars"": -0.027, ""7-bars"": -0.044}",2017-12-01T11:00:00.000Z,52:19.9
302,BUY,XNET,HUMMER,18.39,18.12,18.66,50,185,04/12/2017,09:49:00,35.10204,NULL,2017-12-04T09:50:00.000Z,3402.15,850.538,NULL,18.02,18.56,NULL,L,18.39,0,"{""3-bars"": 0.003, ""5-bars"": -0.004, ""7-bars"": 0.014}",2017-12-04T09:53:00.000Z,55:28.8
303,SELL,TOL,SHOOTING-STAR,43.5,44.25,42.75,50,67,05/12/2017,09:40:00,21.45912,NULL,NULL,2914.5,728.625,NULL,NULL,NULL,NULL,C,NULL,NULL,"{""3-bars"": 0.003, ""5-bars"": 0.012, ""7-bars"": 0.013}",2017-12-05T09:44:00.000Z,58:36.7
304,SELL,PALI,OKAR/S,15.35,16.41,14.29,50,47,06/12/2017,09:36:00,24.32432,NULL,2017-12-06T09:37:00.000Z,721.45,180.362,15.36,NULL,NULL,13.08,P,15.35,0,"{""3-bars"": 0.004, ""5-bars"": 0.051, ""7-bars"": 0}",2017-12-06T09:38:00.000Z,01:43.4
305,SELL,PALI,SHOOTING-STAR,14.45,14.69,14.21,50,208,06/12/2017,09:45:00,24.32432,NULL,2017-12-06T09:46:00.000Z,3005.6,751.4,14.76,NULL,NULL,13.08,L,14.45,0,"{""3-bars"": -0.026, ""5-bars"": 0.021, ""7-bars"": -0.016}",2017-12-06T09:49:00.000Z,01:43.4
306,BUY,LULU,HUMMER,71.95,71.41,72.49,50,93,07/12/2017,09:38:00,35.21368,NULL,2017-12-07T09:39:00.000Z,6691.35,1672.838,NULL,71.7,73.84,NULL,P,71.95,0,"{""3-bars"": -0.014, ""5-bars"": -0.014, ""7-bars"": -0.023}",2017-12-07T09:40:00.000Z,04:49.8
307,BUY,LULU,HUMMER,72.3,72.05,72.55,50,200,07/12/2017,09:55:00,35.21368,NULL,2017-12-07T09:56:00.000Z,14460,3615,NULL,72.01,73.84,NULL,L,72.3,0,"{""3-bars"": -0.003, ""5-bars"": -0.002, ""7-bars"": -0.007}",2017-12-07T09:56:00.000Z,04:49.8
308,BUY,RIOT,OKAR/B,26.76,25.98,27.54,50,64,12/12/2017,09:38:00,39.68254,NULL,NULL,1712.64,428.16,NULL,NULL,NULL,NULL,C,NULL,NULL,"{""3-bars"": -0.026, ""5-bars"": 0.006, ""7-bars"": 0.057}",2017-12-12T09:42:00.000Z,14:10.1
309,BUY,RIOT,OKAR/B,26.17,25.11,27.23,50,47,12/12/2017,09:51:00,39.68254,NULL,NULL,1229.99,307.498,NULL,NULL,NULL,NULL,C,NULL,NULL,"{""3-bars"": -0.002, ""5-bars"": -0.004, ""7-bars"": -0.007}",2017-12-12T09:55:00.000Z,14:10.1
310,SELL,LITE,SHOOTING-STAR,46.72,47.01,46.43,50,172,13/12/2017,09:55:00,22.76423,NULL,2017-12-13T09:56:00.000Z,8035.84,2008.96,47.2,NULL,NULL,45.5,L,46.72,0,"{""3-bars"": -0.002, ""5-bars"": -0.003, ""7-bars"": -0.004}",2017-12-13T10:02:00.000Z,17:16.5
311,BUY,TEVA,OKAR/B,18.01,17.81,18.21,50,250,14/12/2017,09:40:00,18.77395,NULL,NULL,4502.5,1125.625,NULL,NULL,NULL,NULL,C,NULL,NULL,"{""3-bars"": -0.004, ""5-bars"": -0.001, ""7-bars"": -0.014}",2017-12-14T09:44:00.000Z,20:23.5
312,SELL,CSX,OKAR/S,16.6,16.71,16.49,50,455,15/12/2017,09:41:00,22.06946,NULL,NULL,7553,1888.25,NULL,NULL,NULL,NULL,C,NULL,NULL,"{""3-bars"": -0.001, ""5-bars"": 0.002, ""7-bars"": 0.002}",2017-12-15T09:45:00.000Z,23:29.8
313,BUY,RIOT,HUMMER,32.35,31.79,32.91,50,89,18/12/2017,09:30:00,7.109,NULL,2017-12-18T09:31:00.000Z,2879.15,719.788,NULL,32.29,33.62,NULL,P,32.35,0,"{""3-bars"": 0, ""5-bars"": 0, ""7-bars"": 0}",2017-12-18T09:31:00.000Z,26:39.5
314,BUY,JD,HUMMER,40.83,40.58,41.08,50,200,18/12/2017,09:31:00,20.83486,NULL,2017-12-18T09:32:00.000Z,8166,2041.5,NULL,40.58,41.05,NULL,L,40.83,0,"{""3-bars"": 0, ""5-bars"": 0, ""7-bars"": 0}",2017-12-18T09:36:00.000Z,26:39.5
315,BUY,RIOT,HUMMER,32.51,32.06,32.96,50,111,18/12/2017,09:52:00,15.63981,NULL,2017-12-18T09:53:00.000Z,3608.61,902.152,NULL,32.39,33.36,NULL,P,32.51,0,"{""3-bars"": -0.009, ""5-bars"": -0.012, ""7-bars"": -0.005}",2017-12-18T09:53:00.000Z,26:39.5
316,BUY,ROKU,OKAR/B,56.89,56.73,57.05,50,312,19/12/2017,09:35:00,61.32597,NULL,NULL,17749.68,4437.42,NULL,NULL,NULL,NULL,C,NULL,NULL,"{""3-bars"": -0.006, ""5-bars"": -0.008, ""7-bars"": 0}",2017-12-19T09:39:00.000Z,29:47.0
317,BUY,XNET,HUMMER,13.53,13.18,13.88,50,143,20/12/2017,09:30:00,17.69912,NULL,2017-12-20T09:31:00.000Z,1934.79,483.698,NULL,13.51,14.05,NULL,P,13.53,0,"{""3-bars"": 0, ""5-bars"": 0, ""7-bars"": 0}",2017-12-20T09:31:00.000Z,32:53.4
318,BUY,XNET,OKAR/B,13.22,12.95,13.49,50,185,20/12/2017,09:43:00,39.82301,NULL,2017-12-20T09:44:00.000Z,2445.7,611.425,NULL,12.95,13.66,NULL,L,13.22,0,"{""3-bars"": -0.003, ""5-bars"": -0.002, ""7-bars"": -0.028}",2017-12-20T09:52:00.000Z,32:53.5
319,BUY,MU,HUMMER,45.23,44.98,45.48,50,200,20/12/2017,09:46:00,50.18508,NULL,2017-12-20T09:48:00.000Z,9046,2261.5,NULL,44.98,45.91,NULL,L,45.23,0,"{""3-bars"": -0.013, ""5-bars"": -0.015, ""7-bars"": -0.013}",2017-12-20T09:47:00.000Z,32:53.5
320,BUY,RIOT,HUMMER,37.86,36.91,38.81,50,53,20/12/2017,09:46:00,169.76744,NULL,NULL,2006.58,501.645,NULL,NULL,NULL,NULL,C,NULL,NULL,"{""3-bars"": -0.035, ""5-bars"": -0.031, ""7-bars"": -0.067}",2017-12-20T09:50:00.000Z,32:53.5
321,BUY,RIOT,OKAR/B,38.31,37.71,38.91,50,83,20/12/2017,09:53:00,194.88372,NULL,2017-12-20T09:54:00.000Z,3179.73,794.933,NULL,38.01,39.4,NULL,P,38.31,0,"{""3-bars"": 0.003, ""5-bars"": 0.035, ""7-bars"": 0.016}",2017-12-20T09:55:00.000Z,32:53.5
322,BUY,DISCA,HUMMER,23.06,23.01,23.11,50,1000,21/12/2017,09:56:00,28.39506,NULL,2017-12-21T09:57:00.000Z,23060,5765,NULL,22.97,23.63,NULL,L,23.06,0,"{""3-bars"": -0.002, ""5-bars"": -0.005, ""7-bars"": -0.009}",2017-12-21T09:57:00.000Z,36:00.3
323,SELL,OSTK,SHOOTING-STAR,61.49,63.38,59.6,50,26,22/12/2017,09:32:00,46.06061,NULL,2017-12-22T09:33:00.000Z,1598.74,399.685,62.7,NULL,NULL,58.5,P,61.49,0,"{""3-bars"": 0, ""5-bars"": 0, ""7-bars"": 0}",2017-12-22T09:44:00.000Z,39:05.9
324,SELL,NKE,OKAR/S,59.29,59.95,58.63,50,76,22/12/2017,09:40:00,35.06839,NULL,NULL,4506.04,1126.51,NULL,NULL,NULL,NULL,C,NULL,NULL,"{""3-bars"": 0.001, ""5-bars"": -0.004, ""7-bars"": -0.001}",2017-12-22T09:44:00.000Z,39:05.9
325,BUY,WATT,HUMMER,30.92,29.8,32.04,50,45,28/12/2017,09:36:00,21.59827,NULL,2017-12-28T09:37:00.000Z,1391.4,347.85,NULL,29.28,31.39,NULL,L,30.92,0,"{""3-bars"": -0.015, ""5-bars"": 0.011, ""7-bars"": 0}",2017-12-28T09:40:00.000Z,48:17.7
326,SELL,RIOT,OKAR/S,28.15,28.55,27.75,50,125,28/12/2017,09:55:00,63.49206,NULL,2017-12-28T09:57:00.000Z,3518.75,879.688,28.43,NULL,NULL,27.1,P,28.15,0,"{""3-bars"": -0.007, ""5-bars"": -0.012, ""7-bars"": -0.01}",2017-12-28T10:22:00.000Z,48:17.8
327,SELL,WATT,OKAR/S,29.33,30.16,28.5,50,60,29/12/2017,09:34:00,5.60748,NULL,2017-12-29T09:35:00.000Z,1759.8,439.95,29.9,NULL,NULL,27.25,P,29.33,0,"{""3-bars"": -0.005, ""5-bars"": 0, ""7-bars"": 0}",2017-12-29T09:40:00.000Z,51:21.7
